id,car_name,car_brand,car_tag,price,new_price,complexOutlook,firstCert,odograph,allPower,carBelong,range,isDome,wheelBase,drivingMode
116458848,特斯拉 Model 3 2020款 改款 标准续航后驱升级版,特斯拉,Model 3,218000,292751,9成新,2020-12,2.6万公里,202kW,太原(晋),468km,0,2875,后置后驱
116339799,宝骏E100 2020款 305KM 智行版,宝骏,宝骏E100,41800,54056,9成新,2021-02,0.4万公里,24kW,台州(浙),305km,1,1600,前置前驱
115943401,比亚迪 汉 2020款 EV 四驱高性能版旗舰型,比亚迪,汉,229000,308816,9成新,2020-08,1.9万公里,363kW,成都(川),550km,1,2920,双电机四驱
116482432,特斯拉 Model 3 2021款 Performance高性能全轮驱动版,特斯拉,Model 3,306700,368951,9成新,2021-03,1.9万公里,339kW,重庆(渝),605km,0,2875,双电机四驱
115679152,特斯拉MODEL S 2014款 MODEL S 85,特斯拉,特斯拉MODEL S,258000,796735,7成新,2015-02,4.7万公里,270kW,烟台(鲁),502km,0,2960,后置后驱
115663271,吉利汽车 帝豪GSe 2019款 改款 500 领尚型,吉利,帝豪GSe,89000,140894,9成新,2020-06,2.5万公里,120kW,长沙(湘),400km,1,2700,前置前驱
116344704,北汽新能源 EC系列 2018款 EC220 标准版,北汽新能源,EC系列,32800,60569,9成新,2018-12,0.2万公里,30kW,淄博(鲁),206km,1,2360,前置前驱
116491863,蔚来ES8 2018款 创始版,蔚来,蔚来ES8,306200,594837,8成新,2019-06,4.9万公里,480kW,郑州(豫),355km,1,3010,双电机四驱
116274603,别克 微蓝6 2019款 互联智享型,别克,微蓝6,87500,232073,8成新,2019-08,4.4万公里,85kW,苏州(苏),301km,0,2660,前置前驱
115899172,小鹏汽车P7 2020款 586E,小鹏汽车,小鹏汽车P7,229000,288517,9成新,2020-10,1.7万公里,196kW,苏州(苏),568km,1,2998,后置后驱
116440185,威马汽车 威马EX5 2020款 EX5-Z Fun动感版,威马汽车,威马EX5,135800,162603,99成新,2021-11,0.1万公里,160kW,武汉(鄂),400km,1,2703,前置前驱
116489454,特斯拉 Model Y 2022款 后轮驱动版,特斯拉,Model Y,294000,327638,99成新,2022-02,100公里,202kW,合肥(皖),-,0,2890,后置后驱
116197900,别克 微蓝6 2020款 互联智享型 PLUS,别克,微蓝6,119900,230445,95成新,2021-09,0.8万公里,110kW,兰州(甘),410km,0,2660,前置前驱
116388242,特斯拉 Model 3 2021款 标准续航后驱升级版 3D6,特斯拉,Model 3,249900,273256,99成新,2021-12,0.2万公里,220kW,嘉兴(浙),468km,0,2875,后置后驱
116291950,理念 广汽本田VE-1 2020款 出行版,理念,广汽本田VE-1,83800,173458,7成新,2020-07,8.4万公里,120kW,恩施(鄂),401km,1,2610,前置前驱
116520464,宝骏E200 2019款 250KM 智行版,宝骏,宝骏E200,46900,59483,9成新,2020-07,0.9万公里,29kW,上海(沪),250km,1,1600,前置前驱
116219098,威马汽车 威马EX5 2019款 EX5 智行2.0 Extra创新版400,威马汽车,威马EX5,92800,195167,8成新,2019-04,2.6万公里,160kW,成都(川),400km,1,2703,前置前驱
115959489,小鹏汽车P7 2021款 480N,小鹏汽车,小鹏汽车P7,216800,254217,9成新,2021-08,1.5万公里,196kW,重庆(渝),480km,1,2998,后置后驱
116345601,五菱汽车 宏光MINI EV 2020款 悦享款 磷酸铁锂,五菱,宏光MINI EV,40700,42116,99成新,2022-01,200公里,20kW,东营(鲁),170km,1,1940,后置后驱
115679168,北汽新能源 EC系列 2018款 灵动版,北汽新能源,EC系列,48800,71423,8成新,2019-03,2.8万公里,45kW,唐山(冀),261km,1,2360,前置前驱
116316263,奇瑞 小蚂蚁 2021款 改款 15万蚁粉款 新蚁酷版 磷酸铁锂,奇瑞,小蚂蚁,54800,75765,9成新,2021-06,0.2万公里,30kW,六安(皖),301km,1,2150,后置后驱
116145023,欧拉iQ 2018款 高续航版 智联型,欧拉,欧拉iQ,75800,124611,8成新,2019-03,3.8万公里,120kW,沈阳(辽),401km,1,2615,前置前驱
115794046,宝骏E100 2017款 智行版,宝骏,宝骏E100,23800,101925,7成新,2018-05,2.9万公里,29kW,柳州(桂),155km,1,1600,前置前驱
116368755,蔚来ES6 2020款 600KM 运动版,蔚来,蔚来ES6,260000,451555,9成新,2021-05,1.7万公里,320kW,宁波(浙),600km,1,2900,双电机四驱
116168527,比亚迪 汉 2020款 EV 超长续航版尊贵型,比亚迪,汉,185000,283090,8成新,2020-09,5.0万公里,163kW,石家庄(冀),605km,1,2920,前置前驱
115719237,奇瑞eQ1 2018款 小蚂蚁400 智享版 4座,奇瑞,奇瑞eQ1,41800,71423,8成新,2019-03,3.0万公里,30kW,厦门(闽),301km,1,2150,后置后驱
115836073,特斯拉 Model 3 2021款 标准续航后驱升级版,特斯拉,Model 3,229800,289538,9成新,2021-03,1.3万公里,202kW,北京(京),468km,0,2875,后置后驱
116485334,江淮iEV6E 2018款 升级版 iEV6E 豪华智能型,江淮,江淮iEV6E,37800,139482,9成新,2018-12,2.5万公里,50kW,郑州(豫),255km,1,2390,前置前驱
116121724,小鹏汽车P7 2022款 670N+,小鹏汽车,小鹏汽车P7,280000,299372,99成新,2022-01,0.2万公里,196kW,石家庄(冀),670km,0,2998,后置后驱
115895887,小鹏汽车G3 2019款 尊享版,小鹏汽车,小鹏汽车G3,111000,216876,9成新,2019-05,6.5万公里,145kW,杭州(浙),365km,1,2610,前置前驱
116253360,大众 ID.4 X 2021款 1st Edition ID.初见版,大众,ID.4 X,198800,256049,9成新,2021-11,300公里,150kW,上海(沪),555km,0,2765,后置后驱
116559910,特斯拉 Model 3 2022款 后轮驱动版,特斯拉,Model 3,260000,289538,99成新,2022-02,100公里,202kW,南通(苏),-,0,2875,后置后驱
116509174,欧拉好猫 2021款 500km长续航 阿波罗版 三元锂,欧拉,欧拉好猫,140000,145344,9成新,2021-03,2.0万公里,105kW,台州(浙),501km,1,2650,前置前驱
115763353,比亚迪 元新能源 2019款 EV535 智联领创型,比亚迪,元新能源,81800,141002,8成新,2019-12,4.3万公里,70kW,成都(川),410km,1,2535,前置前驱
116251453,比亚迪 宋Pro新能源 2019款 EV 高功率版豪华型,比亚迪,宋Pro新能源,149800,206022,8成新,2021-03,2.4万公里,120kW,南京(苏),405km,1,2712,前置前驱
116534368,宝骏E100 2019款 250KM 智行版,宝骏,宝骏E100,35000,54056,9成新,2020-03,1.7万公里,29kW,徐州(苏),250km,1,1600,前置前驱
116203335,广汽新能源 Aion S 埃安 2019款 炫 630,广汽埃安,Aion S 埃安,89800,166945,7成新,2020-06,13.8万公里,135kW,江门(粤),510km,1,2750,前置前驱
116414280,小鹏汽车P7 2021款 480G,小鹏汽车,小鹏汽车P7,203800,243362,99成新,2022-01,100公里,196kW,杭州(浙),-,1,2998,后置后驱
116248760,江淮iEV6E 2018款 运动版 iEV6E 豪华智享型,江淮,江淮iEV6E,38800,172372,8成新,2018-07,6.7万公里,50kW,太原(晋),310km,1,2390,前置前驱
116458540,东风 俊风E17 2018款 标准型,东风,俊风E17,36000,248355,9成新,2018-06,1.1万公里,100kW,大连(辽),310km,1,2700,前置前驱
116378688,红旗E-QM5 2021款 充电 旗领版,红旗,红旗E-QM5,141800,0,9成新,2021-12,0.1万公里,140kW,长春(吉),431km,1,2990,前置前驱
116314696,北汽新能源 EX系列 2018款 EX360 新尚版,北汽新能源,EX系列,39900,101925,7成新,2018-05,10.0万公里,80kW,北京(京),318km,1,2519,前置前驱
115895274,爱驰U5 2019款 U5 PRO,爱驰,爱驰U5,134900,269088,9成新,2020-10,2.6万公里,140kW,上海(沪),503km,1,2800,前置前驱
116533950,北汽新能源 EX系列 2018款 EX360 新潮版,北汽新能源,EX系列,50800,112780,7成新,2019-02,3.2万公里,80kW,潍坊(鲁),318km,1,2519,前置前驱
116145111,广汽新能源 Aion LX(埃安LX) 2019款 80D,广汽埃安,Aion LX(埃安LX),195800,325206,9成新,2020-04,3.8万公里,300kW,广州(粤),600km,1,2920,双电机四驱
116458556,理想汽车 理想ONE 2020款 增程6座版,理想,理想ONE,286000,356034,9成新,2020-11,2.8万公里,240kW,北京(京),180km,1,2935,双电机四驱
116146044,别克 微蓝7 2020款 652E 互联智慧型,别克,微蓝7,131600,236415,9成新,2020-09,1.2万公里,130kW,东莞(粤),500km,0,2675,前置前驱
116227693,理想汽车 理想ONE 2020款 增程6座版,理想,理想ONE,285900,356034,9成新,2020-05,3.4万公里,240kW,扬州(苏),180km,1,2935,双电机四驱
115797125,宝马i3 2016款 升级款增程型(进口),宝马,宝马i3,166800,567483,8成新,2018-03,3.8万公里,125kW,沈阳(辽),246km,0,2570,后置后驱
116556554,蔚来ES8 2018款 355KM 基准版 七座版,蔚来,蔚来ES8,235000,486290,7成新,2019-01,8.5万公里,480kW,杭州(浙),355km,1,3010,双电机四驱
116538648,奇瑞 小蚂蚁 2021款 15万蚁粉款 新蚁炫版,奇瑞,小蚂蚁,60600,80107,8成新,2021-05,0.9万公里,30kW,遂宁(川),301km,1,2150,后置后驱
116490679,特斯拉 Model 3 2020款 标准续航后驱升级版,特斯拉,Model 3,216000,316740,8成新,2020-07,3.2万公里,202kW,成都(川),445km,0,2875,后置后驱
115984479,欧拉黑猫 2021款 351km 标准型,欧拉,欧拉黑猫,68000,80107,8成新,2021-03,1.3万公里,35kW,承德(冀),351km,1,2475,前置前驱
116375917,小鹏汽车G3 2019款 悦享版,小鹏汽车,小鹏汽车G3,106800,169116,9成新,2020-11,2.8万公里,145kW,成都(川),351km,1,2610,前置前驱
116556368,五菱汽车 宏光MINI EV 2020款 自在款 磷酸铁锂,五菱,宏光MINI EV,32000,35603,95成新,2021-01,0.7万公里,20kW,唐山(冀),120km,1,1940,后置后驱
116011402,欧拉黑猫 2021款 301km 基础型,欧拉,欧拉黑猫,56800,75765,9成新,2020-10,0.6万公里,35kW,济南(鲁),301km,1,2475,前置前驱
116142752,广汽集团 广汽iA5 2019款 豪华版,广汽集团,广汽iA5,109500,198423,8成新,2019-12,2.1万公里,135kW,淄博(鲁),510km,1,2750,前置前驱
116316238,江淮iEV6E 2019款 青春版 iEV6E 智能型,江淮,江淮iEV6E,44900,75440,8成新,2019-06,0.6万公里,45kW,南阳(豫),310km,1,2390,前置前驱
116315802,五菱汽车 宏光MINI EV 2020款 悦享款 磷酸铁锂,五菱,宏光MINI EV,32500,42116,9成新,2020-12,1.1万公里,20kW,合肥(皖),170km,1,1940,后置后驱
116202660,大众 ID.4 CROZZ 2021款 长续航PRO两驱版,大众,ID.4 CROZZ,193800,260404,9成新,2021-08,0.3万公里,150kW,成都(川),550km,0,2765,后置后驱
115800767,蔚来ES8 2018款 创始版,蔚来,蔚来ES8,279000,594837,8成新,2018-12,6.6万公里,480kW,合肥(皖),355km,1,3010,双电机四驱
116250014,比亚迪 汉 2020款 EV 四驱高性能版旗舰型,比亚迪,汉,239800,308816,9成新,2021-01,2.8万公里,363kW,成都(川),550km,1,2920,双电机四驱
115705977,宝马iX3 2021款 创领型,宝马,宝马iX3,317800,477498,9成新,2020-11,1.7万公里,210kW,成都(川),500km,0,2864,后置后驱
116518552,五菱汽车 宏光MINI EV 2020款 悦享款 磷酸铁锂,五菱,宏光MINI EV,36500,42116,9成新,2021-04,0.6万公里,20kW,杭州(浙),170km,1,1940,后置后驱
116316015,大众 途观L新能源 2019款 430PHEV 混动旗舰版,大众,途观L新能源,159900,317825,7成新,2019-03,14.2万公里,85kW,深圳(粤),52km,0,2791,前置前驱
116484315,别克 微蓝6 2019款 互联智慧型,别克,微蓝6,88000,242928,8成新,2019-05,4.2万公里,85kW,宁波(浙),301km,0,2660,前置前驱
116511289,威马汽车 威马EX5 2020款 EX5 400 即客行版,威马汽车,威马EX5,105800,159347,9成新,2021-09,2.4万公里,160kW,武汉(鄂),400km,1,2703,前置前驱
116484250,吉利汽车 帝豪新能源 2018款 EV450 尊贵型,吉利,帝豪新能源,76300,258667,8成新,2018-09,2.7万公里,120kW,运城(晋),400km,1,2650,前置前驱
116423075,电咖·EV10 2018款 Pro 300 精英版,电咖汽车,电咖·EV10,29000,129062,9成新,2019-06,2.8万公里,42kW,济宁(鲁),255km,1,2400,前置前驱
115956336,特斯拉 Model 3 2022款 后轮驱动版,特斯拉,Model 3,262000,289538,99成新,2022-01,100公里,202kW,温州(浙),-,0,2875,后置后驱
116250452,五菱汽车 宏光MINI EV 2020款 自在款 三元锂,五菱,宏光MINI EV,30700,35603,8成新,2021-01,0.8万公里,20kW,大连(辽),120km,1,1940,后置后驱
116539034,比亚迪 汉 2020款 EV 四驱高性能版旗舰型,比亚迪,汉,233000,308816,9成新,2021-07,0.3万公里,363kW,潍坊(鲁),550km,1,2920,双电机四驱
116343632,北汽新能源EU7 2019款 逸尚版,北汽新能源,北汽新能源EU7,113000,180079,8成新,2020-10,1.6万公里,160kW,泉州(闽),451km,1,2785,前置前驱
116463145,特斯拉Model X 2017款 Model X 100D 长续航版,特斯拉,特斯拉Model X,518000,861863,7成新,2019-04,5.7万公里,386kW,郴州(湘),552km,0,2965,双电机四驱
115685217,小鹏汽车G3 2019款 智享版,小鹏汽车,小鹏汽车G3,106000,192996,9成新,2019-04,4.0万公里,145kW,绵阳(川),351km,1,2610,前置前驱
116371606,比亚迪 汉 2020款 EV 超长续航版豪华型,比亚迪,汉,195000,254868,9成新,2021-03,2.1万公里,163kW,深圳(粤),605km,1,2920,前置前驱
115928138,小鹏汽车G3 2019款 智享版,小鹏汽车,小鹏汽车G3,98000,192996,8成新,2019-06,6.8万公里,145kW,杭州(浙),351km,1,2610,前置前驱
116467385,北汽新能源 EC系列 2018款 灵动版,北汽新能源,EC系列,43500,71423,8成新,2018-11,1.9万公里,45kW,沧州(冀),261km,1,2360,前置前驱
116468070,比亚迪 秦PLUS 2021款 DM-i 55KM 尊贵型,比亚迪,秦PLUS,102000,118099,99成新,2022-01,0.9万公里,132kW,北京(京),55km,1,2718,前置前驱
116395369,特斯拉 Model 3 2020款 标准续航后驱升级版,特斯拉,Model 3,224000,316740,8成新,2020-04,4.0万公里,202kW,台州(浙),445km,0,2875,后置后驱
116038001,特斯拉 Model Y 2021款 标准续航后驱版,特斯拉,Model Y,290000,316783,95成新,2021-11,0.7万公里,220kW,青岛(鲁),525km,0,2890,后置后驱
115738422,欧拉黑猫 2021款 301km 基础型,欧拉,欧拉黑猫,62000,75765,9成新,2020-11,2.0万公里,35kW,唐山(冀),301km,1,2475,前置前驱
115959187,丰田C-HR EV 2020款 尊贵天窗版,丰田,丰田C-HR EV,134000,271150,8成新,2020-07,3.2万公里,150kW,石家庄(冀),400km,0,2640,前置前驱
115796133,特斯拉 Model Y 2021款 标准续航后驱版,特斯拉,Model Y,309800,316783,99成新,2022-01,100公里,220kW,郑州(豫),525km,0,2890,后置后驱
116469908,特斯拉 Model 3 2020款 改款 长续航后轮驱动版,特斯拉,Model 3,249000,336387,9成新,2020-08,5.5万公里,202kW,福州(闽),668km,0,2875,后置后驱
116125290,大众 ID.6 X 2021款 Pro 极智长续航版,大众,ID.6 X,233900,302724,99成新,2021-08,0.6万公里,150kW,厦门(闽),588km,0,2965,后置后驱
116323423,特斯拉 Model Y 2021款 长续航全轮驱动版 3D7,特斯拉,Model Y,335000,377635,9成新,2021-09,1.0万公里,331kW,苏州(苏),594km,0,2890,双电机四驱
115926609,腾势 2017款 时尚版,腾势,腾势,80000,401406,7成新,2017-06,5.3万公里,86kW,沈阳(辽),352km,1,2880,前置前驱
116362343,比亚迪e2 2020款 升级版 高续航版 豪华型,比亚迪,比亚迪e2,87000,122441,9成新,2020-12,0.9万公里,70kW,郑州(豫),405km,1,2610,前置前驱
116267673,特斯拉 Model Y 2021款 标准续航后驱版,特斯拉,Model Y,293000,316783,9成新,2022-01,800公里,220kW,成都(川),525km,0,2890,后置后驱
116363801,特斯拉 Model Y 2021款 标准续航后驱版,特斯拉,Model Y,295800,316783,99成新,2022-01,100公里,220kW,长沙(湘),525km,0,2890,后置后驱
115804660,大众 宝来·纯电 2020款 尚,大众,宝来·纯电,83800,148492,8成新,2020-03,2.1万公里,100kW,成都(川),270km,0,2680,前置前驱
116218811,特斯拉 Model Y 2021款 标准续航后驱版,特斯拉,Model Y,293500,316783,99成新,2022-01,0.1万公里,220kW,上海(沪),525km,0,2890,后置后驱
116402103,广汽新能源 Aion S 埃安 2019款 魅 630 安全智驾版,广汽埃安,Aion S 埃安,108000,198423,8成新,2019-06,4.7万公里,135kW,广州(粤),510km,1,2750,前置前驱
116422761,广汽新能源 Aion S 埃安 2020款 魅 580,广汽埃安,Aion S 埃安,125000,159347,7成新,2019-06,4.0万公里,135kW,嘉兴(浙),460km,1,2750,前置前驱
115752229,威马汽车 威马EX5 2021款 EX5-Z Fun动感版,威马汽车,威马EX5,103800,162603,9成新,2021-06,2.9万公里,160kW,广州(粤),403km,1,2703,前置前驱
115759035,小鹏汽车P7 2022款 670E+,小鹏汽车,小鹏汽车P7,258000,310227,99成新,2022-01,100公里,196kW,成都(川),670km,1,2998,后置后驱
116533707,SERES赛力斯 赛力斯SF5 2021款 华为智选四驱版,SERES赛力斯,赛力斯SF5,175000,267894,9成新,2021-06,0.3万公里,405kW,长沙(湘),180km,1,2875,双电机四驱
116396894,奇瑞蚂蚁 2020款 高能pro版,奇瑞,奇瑞蚂蚁,133800,184312,9成新,2021-12,0.3万公里,130kW,芜湖(皖),510km,1,2830,后置后驱
116378762,奥迪e-tron 2019款 55 quattro 时尚型,奥迪,奥迪e-tron,374400,752013,9成新,2020-11,1.5万公里,300kW,杭州(浙),470km,0,2928,双电机四驱
115998772,比亚迪 汉 2020款 EV 超长续航版豪华型,比亚迪,汉,200799,254868,9成新,2021-09,1.1万公里,163kW,广州(粤),605km,1,2920,前置前驱
116389848,特斯拉 Model 3 2020款 改款 长续航后轮驱动版,特斯拉,Model 3,256000,336387,9成新,2020-12,1.3万公里,202kW,扬州(苏),668km,0,2875,后置后驱
115756616,五菱汽车 宏光MINI EV 2020款 自在款 磷酸铁锂,五菱,宏光MINI EV,30000,35603,8成新,2020-09,1.1万公里,20kW,济南(鲁),120km,1,1940,后置后驱
116194360,特斯拉 Model 3 2020款 标准续航后驱升级版,特斯拉,Model 3,210000,316740,8成新,2020-09,4.8万公里,202kW,上海(沪),445km,0,2875,后置后驱
115845028,北汽新能源 EX系列 2018款 EX360 新尚版,北汽新能源,EX系列,48800,101925,7成新,2018-08,4.4万公里,80kW,唐山(冀),318km,1,2519,前置前驱
116228530,五菱汽车 宏光MINI EV 2020款 自在款 磷酸铁锂,五菱,宏光MINI EV,30000,35603,9成新,2021-02,1.1万公里,20kW,大连(辽),120km,1,1940,后置后驱
116245846,奇瑞eQ1 2018款 小蚂蚁400 智享版 4座,奇瑞,奇瑞eQ1,39800,71423,8成新,2018-12,2.9万公里,30kW,成都(川),301km,1,2150,后置后驱
115912141,特斯拉 Model 3 2019款 长续航后驱版(进口),特斯拉,Model 3,255000,456982,8成新,2019-04,4.9万公里,220kW,青岛(鲁),664km,0,2875,后置后驱
116523382,奇瑞eQ1 2017款 智享版 2座,奇瑞,奇瑞eQ1,24800,175737,8成新,2017-08,2.7万公里,30kW,天津(津),151km,1,2150,后置后驱
116143197,Model 3 2019款 标准续航后驱升级版(特斯拉中国),特斯拉,Model 3,248000,356034,8成新,2020-11,2.5万公里,175kW,徐州(苏),460km,0,2875,后置后驱
116502037,特斯拉 Model 3 2019款 标准续航后驱升级版,特斯拉,Model 3,225000,316740,9成新,2020-05,0.7万公里,175kW,成都(川),460km,0,2875,后置后驱
116461944,知豆D2 2018款 D2 乐享版,知豆,知豆D2,22000,54056,8成新,2018-06,0.8万公里,15kW,潍坊(鲁),255km,1,1765,前置前驱
116177057,SERES赛力斯 赛力斯SF5 2020款 四驱高性能版,SERES赛力斯,赛力斯SF5,173800,367974,8成新,2020-11,3.2万公里,510kW,重庆(渝),150km,1,2875,双电机四驱
116230835,广汽新能源 Aion S 埃安 2019款 魅 630,广汽埃安,Aion S 埃安,103000,173458,8成新,2019-12,5.3万公里,135kW,广州(粤),510km,1,2750,前置前驱
116325056,特斯拉 Model 3 2019款 长续航后驱版(进口),特斯拉,Model 3,235800,456982,9成新,2019-07,4.9万公里,220kW,长沙(湘),664km,0,2875,后置后驱
116515013,北汽新能源 EC系列 2017款 EC180 灵秀版,北汽新能源,EC系列,26200,171287,7成新,2017-11,5.9万公里,30kW,潍坊(鲁),156km,1,2360,前置前驱
116533822,欧拉黑猫 2021款 351km 标准型,欧拉,欧拉黑猫,68800,80107,9成新,2021-05,0.7万公里,35kW,郑州(豫),351km,1,2475,前置前驱
116293583,大众 高尔夫·纯电 2020款 驰,大众,高尔夫·纯电,89000,160323,8成新,2020-01,3.1万公里,100kW,武汉(鄂),270km,0,2631,前置前驱
116369542,LITE原力版 2019款 R300 引力版,ARCFOX,LITE原力版,68000,128953,9成新,2020-07,1.1万公里,40kW,长沙(湘),300km,1,1870,后置后驱
116326103,奇瑞 小蚂蚁 2021款 15万蚁粉款 新蚁酷版 三元锂,奇瑞,小蚂蚁,56000,75765,9成新,2021-03,2.8万公里,30kW,洛阳(豫),301km,1,2150,后置后驱
115864485,欧拉白猫 2020款 360km 豪华型,欧拉,欧拉白猫,69400,86620,9成新,2021-01,1.3万公里,35kW,郑州(豫),360km,1,2490,前置前驱
116483127,五菱汽车 宏光MINI EV 2021款 马卡龙臻享款 磷酸铁锂,五菱,宏光MINI EV,41000,47326,9成新,2021-08,0.2万公里,20kW,威海(鲁),170km,1,1940,后置后驱
116322117,R汽车 MARVEL R 2021款 后驱PRO版,R汽车,MARVEL R,191800,260295,9成新,2022-01,400公里,137kW,深圳(粤),505km,1,2800,后置后驱
116318513,五菱汽车 宏光MINI EV 2020款 悦享款 磷酸铁锂,五菱,宏光MINI EV,34000,42116,9成新,2020-10,1.4万公里,20kW,武汉(鄂),170km,1,1940,后置后驱
115947245,欧拉黑猫 2021款 301km 基础型,欧拉,欧拉黑猫,60500,75765,9成新,2020-11,1.8万公里,35kW,天津(津),301km,1,2475,前置前驱
115816981,小鹏汽车P7 2020款 562N性能版,小鹏汽车,小鹏汽车P7,250000,368951,8成新,2020-07,2.9万公里,316kW,深圳(粤),552km,1,2998,双电机四驱
115894805,特斯拉 Model 3 2019款 标准续航后驱升级版,特斯拉,Model 3,223800,316740,8成新,2020-12,2.3万公里,175kW,深圳(粤),460km,0,2875,后置后驱
116253009,比亚迪 汉 2020款 EV 四驱高性能版旗舰型,比亚迪,汉,220800,308816,9成新,2020-09,1.2万公里,363kW,广州(粤),550km,1,2920,双电机四驱
116391737,特斯拉 Model 3 2021款 标准续航后驱升级版 3D6,特斯拉,Model 3,248000,273256,9成新,2021-12,0.5万公里,220kW,随州(鄂),468km,0,2875,后置后驱
115760616,零跑汽车 零跑T03 2020款 400豪华版,零跑汽车,零跑T03,60000,82278,8成新,2020-10,3.2万公里,55kW,厦门(闽),403km,0,2400,前置前驱
115796579,广汽新能源 传祺GE3 2018款 310 乐享版,传祺,传祺GE3,75000,230988,8成新,2019-01,1.8万公里,132kW,北京(京),310km,1,2560,前置前驱
116443696,江淮iEV7S 2018款 智享型,江淮,江淮iEV7S,55800,191042,8成新,2018-12,6.9万公里,85kW,深圳(粤),301km,1,2490,前置前驱
116249453,小鹏汽车G3 2019款 智享版,小鹏汽车,小鹏汽车G3,96900,192996,9成新,2019-12,2.7万公里,145kW,深圳(粤),351km,1,2610,前置前驱
116419981,小鹏汽车P7 2020款 706G,小鹏汽车,小鹏汽车P7,209800,276686,8成新,2020-12,2.2万公里,196kW,杭州(浙),706km,1,2998,后置后驱
116466425,小鹏汽车G3 2019款 尊享版,小鹏汽车,小鹏汽车G3,98000,216876,8成新,2019-05,7.0万公里,145kW,淄博(鲁),365km,1,2610,前置前驱
115862245,欧拉白猫 2020款 360km 标准型,欧拉,欧拉白猫,69800,82278,9成新,2021-06,1.0万公里,35kW,太原(晋),360km,1,2490,前置前驱
116327840,北汽新能源 EX系列 2016款 EX200 乐酷版,北汽新能源,EX系列,37600,235438,7成新,2016-09,7.1万公里,53kW,潍坊(鲁),200km,1,2519,前置前驱
116533770,特斯拉 Model Y 2022款 后轮驱动版,特斯拉,Model Y,293800,327638,99成新,2022-02,100公里,202kW,西安(陕),-,0,2890,后置后驱
116243619,特斯拉 Model 3 2021款 标准续航后驱升级版,特斯拉,Model 3,229800,289538,8成新,2021-03,2.3万公里,202kW,常州(苏),468km,0,2875,后置后驱
116388869,特斯拉 Model Y 2021款 标准续航后驱版,特斯拉,Model Y,295000,316783,99成新,2022-01,0.2万公里,220kW,三门峡(豫),525km,0,2890,后置后驱
116170439,特斯拉 Model Y 2022款 后轮驱动版,特斯拉,Model Y,296500,327638,99成新,2022-02,100公里,202kW,台州(浙),-,0,2890,后置后驱
115943416,威马汽车 威马EX5 2020款 EX5 400 即客行版,威马汽车,威马EX5,104800,159347,9成新,2021-09,0.7万公里,160kW,成都(川),400km,1,2703,前置前驱
116559614,蔚来ES6 2020款 455KM 运动版,蔚来,蔚来ES6,288500,388598,9成新,2021-08,1.3万公里,320kW,重庆(渝),-,1,2900,双电机四驱
116340479,欧拉黑猫 2019款 351km 女神版,欧拉,欧拉黑猫,64000,86620,8成新,2020-03,2.6万公里,35kW,唐山(冀),351km,1,2475,前置前驱
115928699,欧拉白猫 2020款 401km 旗舰型,欧拉,欧拉白猫,79000,96389,8成新,2020-11,0.5万公里,45kW,潍坊(鲁),401km,1,2490,前置前驱
115760378,小鹏汽车G3 2020款 520i 智享版,小鹏汽车,小鹏汽车G3,139800,198423,9成新,2020-09,0.9万公里,145kW,成都(川),520km,1,2625,前置前驱
116508477,奥迪Q2L e-tron 2019款 e-tron 纯电智享型,奥迪,奥迪Q2L e-tron,147800,257582,9成新,2021-02,0.8万公里,100kW,宿州(皖),265km,0,2628,前置前驱
116514911,荣威ei6 MAX 2020款 1.5T PHEV爽酷天幕版,荣威,荣威ei6 MAX,124600,159347,9成新,2022-01,300公里,100kW,杭州(浙),70km,1,2715,前置前驱
115804590,大众 宝来·纯电 2020款 尚,大众,宝来·纯电,85800,148492,8成新,2020-03,2.4万公里,100kW,成都(川),270km,0,2680,前置前驱
116127327,奇瑞eQ1 2019款 4座智享版 30.6kWh,奇瑞,奇瑞eQ1,53800,75765,8成新,2020-06,1.3万公里,30kW,天津(津),301km,1,2150,后置后驱
116463563,蔚来ES8 2018款 创始版,蔚来,蔚来ES8,280000,594837,8成新,2018-12,6.5万公里,480kW,杭州(浙),355km,1,3010,双电机四驱
116412070,小鹏汽车G3 2020款 520长续航 智享版,小鹏汽车,小鹏汽车G3,126000,195167,8成新,2019-11,3.4万公里,145kW,沧州(冀),520km,1,2625,前置前驱
115930591,北汽新能源 EC系列 2018款 EC220 经典版,北汽新能源,EC系列,32500,64911,8成新,2018-06,2.7万公里,36kW,太原(晋),171km,1,2360,前置前驱
116299819,广汽集团 广汽ix4 2018款 豪华版,广汽集团,广汽ix4,70500,244013,7成新,2018-12,4.4万公里,132kW,江门(粤),270km,1,2640,前置前驱
116557077,特斯拉 Model Y 2022款 后轮驱动版,特斯拉,Model Y,301800,327638,99成新,2022-02,100公里,202kW,武汉(鄂),-,0,2890,后置后驱
116467259,特斯拉 Model Y 2022款 后轮驱动版,特斯拉,Model Y,295800,327638,99成新,2022-02,400公里,202kW,武汉(鄂),-,0,2890,后置后驱
116418499,五菱汽车 宏光MINI EV 2021款 马卡龙夹心款 170km 磷酸铁锂,五菱,宏光MINI EV,49800,52753,9成新,2022-01,400公里,20kW,淮安(苏),170km,0,1940,后置后驱
115985014,北汽新能源 EV系列 2016款 EV160 轻快版,北汽新能源,EV系列,25500,95304,8成新,2016-06,4.2万公里,45kW,潍坊(鲁),150km,1,2500,前置前驱
116371381,特斯拉 Model Y 2022款 后轮驱动版,特斯拉,Model Y,297600,327638,99成新,2022-02,100公里,202kW,嘉兴(浙),-,0,2890,后置后驱
116192564,特斯拉 Model 3 2020款 标准续航后驱升级版,特斯拉,Model 3,203000,316740,9成新,2020-06,3.9万公里,202kW,宁波(浙),445km,0,2875,后置后驱
115845652,理想汽车 理想ONE 2020款 增程6座版,理想,理想ONE,287000,356034,95成新,2021-03,2.2万公里,240kW,苏州(苏),180km,1,2935,双电机四驱
116376297,特斯拉 Model 3 2021款 标准续航后驱升级版,特斯拉,Model 3,224800,289538,8成新,2021-01,1.0万公里,202kW,重庆(渝),468km,0,2875,后置后驱
116316195,欧拉白猫 2020款 401km 长续航型,欧拉,欧拉白猫,75800,90962,9成新,2020-12,3.3万公里,45kW,上海(沪),401km,1,2490,前置前驱
116368118,五菱汽车 宏光MINI EV 2020款 自在款 磷酸铁锂,五菱,宏光MINI EV,31800,35603,9成新,2021-04,0.6万公里,20kW,南宁(桂),120km,1,1940,后置后驱
116538199,五菱汽车 宏光MINI EV 2021款 马卡龙时尚款 磷酸铁锂,五菱,宏光MINI EV,33000,40813,9成新,2021-09,0.4万公里,20kW,金华(浙),120km,1,1940,后置后驱
116244179,蔚来ES8 2018款 创始版,蔚来,蔚来ES8,277000,594837,8成新,2018-07,7.6万公里,480kW,苏州(苏),355km,1,3010,双电机四驱
116378948,欧拉好猫 2021款 400km标准续航 维纳斯版 三元锂,欧拉,欧拉好猫,110000,123635,9成新,2021-08,0.5万公里,105kW,绍兴(浙),401km,1,2650,前置前驱
116490917,奇瑞 2021款 小蚂蚁15万蚁粉款 蚁潮版,奇瑞,小蚂蚁,58000,72509,9成新,2021-03,0.8万公里,30kW,沧州(冀),301km,1,2150,后置后驱
116269168,比亚迪e3 2020款 400出行版,比亚迪,比亚迪e3,92600,178885,9成新,2020-05,2.1万公里,100kW,太原(晋),405km,1,2610,前置前驱
115738624,江淮iEV6E 2017款 iEV6E,江淮,江淮iEV6E,32000,139482,8成新,2017-12,4.0万公里,45kW,唐山(冀),170km,1,2390,前置前驱
116389232,小鹏汽车G3 2019款 智享版,小鹏汽车,小鹏汽车G3,96800,192996,8成新,2019-05,2.2万公里,145kW,杭州(浙),351km,1,2610,前置前驱
116257606,小鹏汽车P7 2020款 562E性能版,小鹏汽车,小鹏汽车P7,248800,379805,8成新,2020-10,5.6万公里,316kW,重庆(渝),552km,1,2998,双电机四驱
116509282,奇瑞eQ1 2018款 小蚂蚁400 智炫版 4座,奇瑞,奇瑞eQ1,39800,75765,8成新,2018-11,2.9万公里,30kW,深圳(粤),301km,1,2150,后置后驱
115776136,小鹏汽车G3 2020款 520i 尊享版,小鹏汽车,小鹏汽车G3,139800,216876,9成新,2020-11,0.8万公里,145kW,成都(川),520km,1,2625,前置前驱
116225702,全球鹰EX3 2018款 尊享型,康迪,全球鹰EX3,38800,105073,8成新,2018-12,1.5万公里,49kW,宁波(浙),302km,1,2480,前置前驱
116292198,别克 微蓝6 2019款 互联智享型,别克,微蓝6,112900,232073,9成新,2019-07,3.3万公里,85kW,杭州(浙),301km,0,2660,前置前驱
116319763,奇瑞 2021款 小蚂蚁15万蚁粉款 蚁酷版,奇瑞,小蚂蚁,56700,75765,9成新,2021-07,0.6万公里,30kW,厦门(闽),301km,1,2150,后置后驱
116202308,小鹏汽车P7 2020款 586N,小鹏汽车,小鹏汽车P7,233800,277663,9成新,2022-01,0.2万公里,196kW,广州(粤),568km,1,2998,后置后驱
116502163,特斯拉 Model 3 2021款 标准续航后驱升级版 3D6,特斯拉,Model 3,235000,273256,8成新,2021-06,1.1万公里,220kW,武汉(鄂),468km,0,2875,后置后驱
116280633,比亚迪 秦新能源 2019款 出行标准版,比亚迪,秦新能源,104000,186483,95成新,2021-03,1.9万公里,100kW,深圳(粤),400km,1,2670,前置前驱
115758859,理想汽车 理想ONE 2020款 增程6座版,理想,理想ONE,305000,356034,95成新,2021-04,1.0万公里,240kW,成都(川),180km,1,2935,双电机四驱
116515848,SERES赛力斯 赛力斯SF5 2020款 两驱高性能运动版,SERES赛力斯,赛力斯SF5,155800,270282,9成新,2021-07,1.1万公里,255kW,重庆(渝),150km,1,2875,后置后驱
116508796,特斯拉 Model Y 2022款 后轮驱动版,特斯拉,Model Y,306800,327638,99成新,2022-02,100公里,202kW,南通(苏),-,0,2890,后置后驱
115829908,江铃集团新能源 易至EV3 2019款 酷跑版,江铃集团新能源,易至EV3,45000,82278,8成新,2019-03,1.3万公里,35kW,南昌(赣),302km,1,2390,前置前驱
116390879,五菱汽车 宏光MINI EV 2021款 马卡龙臻享款 三元锂,五菱,宏光MINI EV,41900,47326,9成新,2021-08,0.7万公里,20kW,保定(冀),170km,1,1940,后置后驱
115801062,云度π1 2017款 城际乐派型,云度,云度π1,34800,174543,8成新,2018-12,3.4万公里,85kW,太原(晋),250km,1,2460,前置前驱
116394752,欧拉黑猫 2021款 351km 标准型,欧拉,欧拉黑猫,65800,80107,9成新,2021-04,0.9万公里,35kW,新乡(豫),351km,1,2475,前置前驱
116004597,北汽新能源 EU系列 2019款 R500 智风版,北汽新能源,EU系列,99800,144258,9成新,2022-01,0.2万公里,160kW,北京(京),416km,1,2670,前置前驱
116540783,理想汽车 理想ONE 2021款 增程6座版,理想,理想ONE,329000,366888,95成新,2022-01,0.6万公里,245kW,东莞(粤),188km,1,2935,双电机四驱
116129534,极氪001 2021款 超长续航单电机 WE版,极氪,极氪001,286000,305017,99成新,2021-12,0.2万公里,200kW,郑州(豫),712km,1,3005,后置后驱
116514074,零跑汽车 零跑T03 2021款 400舒享版,零跑汽车,零跑T03,73000,75765,99成新,2022-01,100公里,55kW,台州(浙),403km,1,2400,前置前驱
116250012,大众 ID.4 CROZZ 2021款 长续航PRO两驱版,大众,ID.4 CROZZ,196000,260404,9成新,2021-10,0.5万公里,150kW,成都(川),550km,0,2765,后置后驱
115679524,欧拉黑猫 2019款 351km 女神版,欧拉,欧拉黑猫,69000,86620,9成新,2020-07,1.7万公里,35kW,天津(津),351km,1,2475,前置前驱
116513174,特斯拉 Model Y 2021款 长续航全轮驱动版,特斯拉,Model Y,328600,377635,9成新,2021-04,0.8万公里,317kW,温州(浙),594km,0,2890,双电机四驱
116142083,比亚迪e2 2021款 尊贵型,比亚迪,比亚迪e2,97700,125697,9成新,2021-07,0.4万公里,70kW,平顶山(豫),401km,1,2610,前置前驱
115984916,长安 奔奔EV 2017款 纯电动 180公里标准型,长安,奔奔EV,28800,168030,7成新,2017-08,4.1万公里,55kW,潍坊(鲁),180km,1,2410,前置前驱
116541887,广汽新能源 Aion S 埃安 2019款 魅Evo 630,广汽埃安,Aion S 埃安,112000,187569,8成新,2019-08,1.8万公里,135kW,北京(京),510km,1,2750,前置前驱
116219591,全球鹰 2015款 K11b,康迪,K11,12800,165859,6成新,2015-12,2.3万公里,20kW,成都(川),150km,1,2340,前置前驱
116277009,全球鹰 2016款 K17A 时尚型,康迪,K17,21000,178885,8成新,2016-12,3.0万公里,35kW,南京(苏),151km,1,2461,前置前驱
116413611,欧拉iQ 2019款 出行版,欧拉,欧拉iQ,69800,130256,8成新,2020-09,4.2万公里,120kW,信阳(豫),401km,1,2650,前置前驱
115704321,广汽新能源 Aion LX(埃安LX) 2019款 80,广汽埃安,Aion LX(埃安LX),188000,303497,8成新,2019-12,3.3万公里,150kW,重庆(渝),650km,1,2920,前置前驱
116544152,理想汽车 理想ONE 2020款 增程6座版,理想,理想ONE,278000,356034,9成新,2021-03,4.7万公里,240kW,石家庄(冀),180km,1,2935,双电机四驱
116321858,欧拉黑猫 2022款 351km 标准型,欧拉,欧拉黑猫,78800,80107,99成新,2022-02,100公里,35kW,洛阳(豫),351km,1,2475,前置前驱
116510001,特斯拉 Model Y 2021款 标准续航后驱版,特斯拉,Model Y,290000,316783,9成新,2022-01,0.7万公里,220kW,杭州(浙),525km,0,2890,后置后驱
115688638,江淮iEVA50 2018款 iEVA50 豪华型,江淮,江淮iEVA50,77000,199400,9成新,2019-01,0.2万公里,85kW,合肥(皖),310km,1,2710,前置前驱
116485871,比亚迪 元新能源 2018款 EV360 智联炫酷型,比亚迪,元新能源,61800,101925,8成新,2018-08,4.9万公里,70kW,深圳(粤),305km,1,2535,前置前驱
115680571,别克 微蓝6 2019款 互联智慧型,别克,微蓝6,84800,242928,8成新,2019-05,3.1万公里,85kW,郑州(豫),301km,0,2660,前置前驱
115922905,五菱汽车 宏光MINI EV 2021款 马卡龙臻享款 磷酸铁锂,五菱,宏光MINI EV,43800,47326,9成新,2021-07,0.4万公里,20kW,杭州(浙),170km,1,1940,后置后驱
116510056,小鹏汽车P7 2020款 670N,小鹏汽车,小鹏汽车P7,238000,295573,9成新,2021-05,1.0万公里,196kW,深圳(粤),656km,1,2998,后置后驱
116422615,奇瑞eQ1 2017款 智享版 2座,奇瑞,奇瑞eQ1,39000,175737,8成新,2017-07,4.8万公里,30kW,邢台(冀),151km,1,2150,后置后驱
116532598,宝骏E100 2020款 305KM 智行版,宝骏,宝骏E100,38000,54056,9成新,2021-07,0.2万公里,24kW,南京(苏),305km,1,1600,前置前驱
115667058,宝马i3 2018款 豪华型(进口),宝马,宝马i3,140200,368842,8成新,2018-09,1.6万公里,125kW,青岛(鲁),271km,0,2570,后置后驱
116541370,特斯拉 Model Y 2021款 长续航全轮驱动版,特斯拉,Model Y,309900,377635,9成新,2021-04,3.0万公里,317kW,上海(沪),594km,0,2890,双电机四驱
115781690,特斯拉 Model 3 2019款 长续航后驱版(进口),特斯拉,Model 3,228500,456982,8成新,2019-08,7.4万公里,220kW,宁波(浙),664km,0,2875,后置后驱
116433854,理想汽车 理想ONE 2020款 增程6座版,理想,理想ONE,282800,356034,95成新,2021-06,1.2万公里,240kW,长沙(湘),180km,1,2935,双电机四驱
115778489,五菱汽车 宏光MINI EV 2020款 自在款 三元锂,五菱,宏光MINI EV,33000,35603,99成新,2021-12,700公里,20kW,温州(浙),120km,1,1940,后置后驱
116449434,奇瑞新能源 QQ冰淇淋 2022款 甜筒,奇瑞,QQ冰淇淋,38800,41139,95成新,2022-01,100公里,20kW,杭州(浙),120km,1,1960,后置后驱
115699896,小鹏汽车G3 2019款 智享版,小鹏汽车,小鹏汽车G3,94600,192996,7成新,2019-05,7.9万公里,145kW,廊坊(冀),351km,1,2610,前置前驱
116419912,特斯拉 Model 3 2020款 改款 标准续航后驱升级版,特斯拉,Model 3,232800,292751,9成新,2021-02,1.6万公里,202kW,广州(粤),468km,0,2875,后置后驱
116391966,欧拉黑猫 2021款 351km 豪华型,欧拉,欧拉黑猫,63500,86620,9成新,2020-10,1.0万公里,35kW,成都(川),351km,1,2475,前置前驱
116129328,比亚迪S2 2019款 耀·舒适型,比亚迪,比亚迪S2,66000,108329,8成新,2019-11,2.4万公里,70kW,保定(冀),305km,1,2535,前置前驱
116175450,威马汽车 威马EX5 2019款 EX5 Lite探索版520,威马汽车,威马EX5,91500,184312,8成新,2019-11,6.5万公里,160kW,苏州(苏),520km,1,2703,前置前驱
116467531,特斯拉 Model Y 2021款 标准续航后驱版,特斯拉,Model Y,298800,316783,99成新,2022-01,900公里,220kW,上海(沪),525km,0,2890,后置后驱
116276679,理想汽车 理想ONE 2020款 增程6座版,理想,理想ONE,283800,356034,8成新,2021-04,2.6万公里,240kW,长沙(湘),180km,1,2935,双电机四驱
116199060,欧拉黑猫 2019款 351km 亲子版,欧拉,欧拉黑猫,66000,80107,8成新,2020-06,2.3万公里,35kW,珠海(粤),351km,1,2475,前置前驱
116472877,极氪001 2021款 超长续航单电机 WE版,极氪,极氪001,295000,305017,99成新,2022-01,100公里,200kW,厦门(闽),712km,1,3005,后置后驱
115723224,比亚迪 元新能源 2019款 EV535 智联领潮型,比亚迪,元新能源,79000,130147,9成新,2020-05,3.2万公里,70kW,南京(苏),410km,1,2535,前置前驱
116501738,小鹏汽车G3 2019款 尊享版,小鹏汽车,小鹏汽车G3,103000,216876,8成新,2019-04,3.6万公里,145kW,邯郸(冀),365km,1,2610,前置前驱
115902936,吉利汽车 帝豪GSe 2018款 臻尚型,吉利,帝豪GSe,71900,147406,8成新,2019-06,3.1万公里,120kW,石家庄(冀),353km,1,2700,前置前驱
116364731,广汽新能源 Aion S 埃安 2020款 魅 580,广汽埃安,Aion S 埃安,118800,159347,9成新,2021-05,1.3万公里,135kW,韶关(粤),460km,1,2750,前置前驱
115881587,长安 奔奔E-Star 2020款 心动版,长安,奔奔E-Star,56800,75765,9成新,2020-06,3.6万公里,55kW,深圳(粤),301km,1,2410,前置前驱
116268923,东风 俊风ER30 2018款 基本型,东风,俊风ER30,32000,162603,8成新,2018-12,3.5万公里,60kW,武汉(鄂),255km,1,2450,前置前驱
116394420,比亚迪 元新能源 2019款 EV360 智联领尚型,比亚迪,元新能源,64000,108438,8成新,2019-05,2.7万公里,70kW,石家庄(冀),305km,1,2535,前置前驱
116367721,宝骏KiWi EV 2021款 艺术家,宝骏,宝骏KiWi EV,72000,85535,99成新,2021-11,0.4万公里,40kW,威海(鲁),305km,1,2020,后置后驱
115898899,东风 富康ES500 2019款 改款 睿动版,东风,富康ES500,79500,244013,9成新,2019-06,100公里,110kW,武汉(鄂),401km,1,2700,前置前驱
116418102,理想汽车 理想ONE 2020款 增程6座版,理想,理想ONE,293800,356034,9成新,2021-04,2.0万公里,240kW,成都(川),180km,1,2935,双电机四驱
116371837,荣威MARVEL X 2018款 后驱版,荣威,荣威MARVEL X,126500,291774,8成新,2020-01,7.9万公里,137kW,上海(沪),403km,1,2800,双电机后驱
116345938,小鹏汽车P7 2021款 670G,小鹏汽车,小鹏汽车P7,246800,285261,9成新,2022-01,0.4万公里,196kW,哈尔滨(黑),-,1,2998,后置后驱
116345257,ARCFOX极狐 ARCFOX αT 2021款 653S+,ARCFOX极狐,ARCFOX αT,229800,300566,99成新,2022-01,100公里,160kW,北京(京),653km,1,2915,前置前驱
116389479,小鹏汽车G3 2019款 智享版,小鹏汽车,小鹏汽车G3,98800,192996,8成新,2019-06,3.2万公里,145kW,杭州(浙),351km,1,2610,前置前驱
116278962,广汽新能源 Aion S 埃安 2020款 魅 580,广汽埃安,Aion S 埃安,109500,159347,9成新,2020-12,3.3万公里,135kW,茂名(粤),460km,1,2750,前置前驱
115829553,特斯拉 Model Y 2021款 标准续航后驱版,特斯拉,Model Y,295000,316783,99成新,2022-01,100公里,220kW,温州(浙),525km,0,2890,后置后驱
116420203,比亚迪 元新能源 2019款 EV535 智联领潮型,比亚迪,元新能源,79800,130147,8成新,2019-11,4.6万公里,70kW,杭州(浙),410km,1,2535,前置前驱
116448862,奇瑞新能源 QQ冰淇淋 2022款 甜筒,奇瑞,QQ冰淇淋,38800,41139,99成新,2022-01,100公里,20kW,杭州(浙),120km,1,1960,后置后驱
116507992,比亚迪 汉 2020款 EV 四驱高性能版旗舰型,比亚迪,汉,226000,308816,8成新,2020-11,1.1万公里,363kW,成都(川),550km,1,2920,双电机四驱
115974471,欧拉黑猫 2021款 351km 豪华型,欧拉,欧拉黑猫,69800,86620,9成新,2021-01,2.1万公里,35kW,南宁(桂),351km,1,2475,前置前驱
116398784,比亚迪 汉 2020款 EV 超长续航版尊贵型,比亚迪,汉,198800,283090,9成新,2021-01,3.1万公里,163kW,深圳(粤),605km,1,2920,前置前驱
115722589,蔚来EC6 2020款 430KM 运动版,蔚来,蔚来EC6,319900,399452,95成新,2021-04,0.5万公里,320kW,成都(川),430km,1,2900,双电机四驱
115963160,威马汽车 威马W6 2021款 520km PRO全能版,威马汽车,威马W6,153800,206022,8成新,2021-08,1.8万公里,160kW,武汉(鄂),520km,1,2715,前置前驱
115684725,小鹏汽车P7 2020款 670N,小鹏汽车,小鹏汽车P7,239800,295573,9成新,2021-07,0.6万公里,196kW,广州(粤),656km,1,2998,后置后驱
116294304,小鹏汽车P7 2020款 670N,小鹏汽车,小鹏汽车P7,250000,295573,9成新,2021-06,2.8万公里,196kW,黄石(鄂),656km,1,2998,后置后驱
115917364,小鹏汽车G3 2019款 智享版,小鹏汽车,小鹏汽车G3,109800,192996,8成新,2020-04,2.2万公里,145kW,郑州(豫),351km,1,2610,前置前驱
115712703,五菱汽车 宏光MINI EV 2020款 悦享款 磷酸铁锂,五菱,宏光MINI EV,37800,42116,8成新,2020-11,1.6万公里,20kW,佛山(粤),170km,1,1940,后置后驱
115759614,宝骏E100 2017款 智行版,宝骏,宝骏E100,22000,101925,8成新,2018-05,3.7万公里,29kW,柳州(桂),155km,1,1600,前置前驱
116534319,华晨新日i03 2021款 标准型,华晨新日,华晨新日i03,63800,82278,99成新,2021-12,400公里,45kW,无锡(苏),410km,1,2185,前置前驱
116419641,欧拉好猫 2021款 400km标准续航 维纳斯版 三元锂,欧拉,欧拉好猫,113500,123635,99成新,2021-11,100公里,105kW,开封(豫),401km,1,2650,前置前驱
116444952,众泰E200 2018款 Pro,众泰,众泰E200,37900,75874,9成新,2019-05,0.9万公里,60kW,天津(津),301km,1,1810,后置后驱
116304074,比亚迪 秦Pro新能源 2019款 EV 超能版 标准版智联领尚型,比亚迪,秦Pro新能源,98500,162711,8成新,2020-02,3.8万公里,100kW,北京(京),401km,1,2718,前置前驱
116371031,特斯拉 Model 3 2020款 改款 标准续航后驱升级版,特斯拉,Model 3,238800,292751,99成新,2021-06,0.6万公里,202kW,台州(浙),468km,0,2875,后置后驱
115846008,荣威Ei5 2018款 互联网旗舰版,荣威,荣威Ei5,75000,242928,7成新,2018-04,5.2万公里,85kW,唐山(冀),301km,1,2665,前置前驱
115827848,欧拉黑猫 2021款 301km 基础型,欧拉,欧拉黑猫,63800,75765,9成新,2020-12,0.2万公里,35kW,唐山(冀),301km,1,2475,前置前驱
116489594,特斯拉 Model 3 2021款 标准续航后驱升级版,特斯拉,Model 3,226800,289538,9成新,2021-03,2.8万公里,202kW,合肥(皖),468km,0,2875,后置后驱
116492272,比亚迪 秦新能源 2019款 高续航版 尊贵型,比亚迪,秦新能源,98000,151857,8成新,2020-10,4.0万公里,100kW,深圳(粤),421km,1,2670,前置前驱
116002634,大众 高尔夫·纯电 2020款 驰,大众,高尔夫·纯电,94000,160323,9成新,2021-01,1.9万公里,100kW,泉州(闽),270km,0,2631,前置前驱
115809672,五菱汽车 宏光MINI EV 2020款 自在款 磷酸铁锂,五菱,宏光MINI EV,29000,35603,9成新,2020-12,0.5万公里,20kW,成都(川),120km,1,1940,后置后驱
116363237,大众 ID.6 X 2021款 Pro 极智长续航版,大众,ID.6 X,225000,302724,9成新,2022-01,300公里,150kW,长沙(湘),588km,0,2965,后置后驱
116214068,广汽新能源 传祺GE3 2018款 530 互联网尊享版,传祺,传祺GE3,80800,267568,8成新,2018-12,2.4万公里,132kW,北京(京),410km,1,2560,前置前驱
115777439,吉利汽车 帝豪GSe 2018款 臻尚型,吉利,帝豪GSe,79000,147406,8成新,2019-01,2.3万公里,120kW,运城(晋),353km,1,2700,前置前驱
115804739,大众 宝来·纯电 2020款 尚,大众,宝来·纯电,81800,148492,8成新,2020-04,2.2万公里,100kW,成都(川),270km,0,2680,前置前驱
116446892,大众 ID.4 X 2021款 Pure 纯净版,大众,ID.4 X,169200,216972,9成新,2021-08,0.2万公里,125kW,淄博(鲁),402km,0,2765,后置后驱
116413831,欧拉好猫 2021款 400km标准续航 雅典娜版 三元锂,欧拉,欧拉好猫,118000,134489,99成新,2021-11,700公里,105kW,成都(川),401km,1,2650,前置前驱
116250766,特斯拉 Model 3 2020款 标准续航后驱升级版,特斯拉,Model 3,203900,316740,8成新,2020-08,5.9万公里,202kW,成都(川),445km,0,2875,后置后驱
116304259,比亚迪 元新能源 2018款 EV360 智联炫酷型,比亚迪,元新能源,62400,101925,8成新,2018-11,2.6万公里,70kW,北京(京),305km,1,2535,前置前驱
116302698,五菱汽车 宏光MINI EV 2020款 自在款 磷酸铁锂,五菱,宏光MINI EV,31000,35603,99成新,2022-02,100公里,20kW,呼和浩特(蒙),120km,1,1940,后置后驱
116341700,长安 逸动新能源 2019款 EV460 智领版,长安,逸动新能源,87800,151857,7成新,2019-01,2.5万公里,100kW,泉州(闽),405km,1,2700,前置前驱
116371836,比亚迪 汉 2020款 EV 四驱高性能版旗舰型,比亚迪,汉,230800,308816,9成新,2021-02,1.4万公里,363kW,广州(粤),550km,1,2920,双电机四驱
115706096,雷克萨斯UX新能源 2020款 300e 纯·享版,雷克萨斯,雷克萨斯UX新能源,253800,417905,95成新,2021-12,100公里,150kW,成都(川),400km,0,2640,前置前驱
116297587,特斯拉 Model 3 2021款 改款 标准续航后驱升级版 3D1,特斯拉,Model 3,233000,273256,9成新,2021-06,1.9万公里,202kW,昆明(云),468km,0,2875,后置后驱
116345939,广汽新能源 Aion LX(埃安LX) 2019款 80,广汽埃安,Aion LX(埃安LX),186000,303497,8成新,2020-03,2.1万公里,150kW,北京(京),650km,1,2920,前置前驱
115705710,特斯拉 Model Y 2021款 标准续航后驱版,特斯拉,Model Y,282000,316783,8成新,2021-10,0.6万公里,220kW,南京(苏),525km,0,2890,后置后驱
116461165,特斯拉 Model 3 2019款 标准续航后驱升级版,特斯拉,Model 3,209800,316740,8成新,2020-03,3.6万公里,175kW,合肥(皖),460km,0,2875,后置后驱
116272640,理念 广汽本田VE-1 2020款 豪华版,理念,广汽本田VE-1,99800,195167,8成新,2019-12,4.4万公里,120kW,重庆(渝),401km,1,2610,前置前驱
116465433,比亚迪 元新能源 2018款 EV360 智联炫酷型,比亚迪,元新能源,61500,101925,7成新,2019-01,3.6万公里,70kW,天津(津),305km,1,2535,前置前驱
115727636,宝马i3 2015款 时尚型(进口),宝马,宝马i3,99000,452423,7成新,2016-08,5.4万公里,125kW,南京(苏),185km,0,2570,后置后驱
116364730,SERES赛力斯 赛力斯SF5 2020款 四驱高性能运动版,SERES赛力斯,赛力斯SF5,148900,302846,7成新,2020-06,4.7万公里,510kW,广州(粤),150km,1,2875,双电机四驱
115930145,欧拉黑猫 2019款 310km 灵趣版,欧拉,欧拉黑猫,52800,72509,9成新,2019-06,2.1万公里,35kW,衡水(冀),310km,1,2475,前置前驱
116339659,奥迪Q2L e-tron 2022款 Q2L e-tron 纯电智享型,奥迪,奥迪Q2L e-tron,188000,264637,99成新,2022-02,100公里,100kW,福州(闽),-,0,2628,前置前驱
116560528,特斯拉 Model Y 2022款 后轮驱动版,特斯拉,Model Y,293800,327638,99成新,2022-02,100公里,202kW,郑州(豫),-,0,2890,后置后驱
116520336,奇瑞eQ1 2018款 智享251km版 4座,奇瑞,奇瑞eQ1,43900,130147,8成新,2018-05,5.0万公里,30kW,上海(沪),251km,1,2150,后置后驱
115998778,奇瑞eQ1 2018款 小蚂蚁400 智享版 4座,奇瑞,奇瑞eQ1,48800,71423,8成新,2019-01,4.1万公里,30kW,成都(川),301km,1,2150,后置后驱
116254709,威马汽车 威马EX5 2019款 EX5 Lite探索版400,威马汽车,威马EX5,105800,162603,9成新,2020-06,1.6万公里,160kW,深圳(粤),400km,1,2703,前置前驱
116388300,五菱汽车 宏光MINI EV 2020款 轻松款 三元锂,五菱,宏光MINI EV,27000,31261,9成新,2020-09,0.9万公里,20kW,盐城(苏),120km,1,1940,后置后驱
116387626,思皓E10X 2021款 302km 豪华型 31.4kWh,思皓,思皓E10X,66000,75874,95成新,2021-07,0.5万公里,45kW,温州(浙),302km,0,2390,前置前驱
116533799,五菱汽车 五菱NanoEV 2021款 玩乐款-高功率版,五菱,五菱NanoEV,51800,59483,99成新,2022-01,800公里,24kW,德州(鲁),305km,0,1600,前置前驱
116391176,奇瑞eQ 2017款 分享型,奇瑞,奇瑞eQ,24900,184421,7成新,2017-05,2.1万公里,41.8kW,南京(苏),200km,1,2340,前置前驱
115974671,宝骏E200 2019款 250KM 智行版,宝骏,宝骏E200,35600,59483,8成新,2019-01,1.7万公里,29kW,柳州(桂),250km,1,1600,前置前驱
116469650,欧拉白猫 2020款 360km 豪华型,欧拉,欧拉白猫,78800,86620,9成新,2020-12,2.1万公里,35kW,上海(沪),360km,1,2490,前置前驱
116321300,北汽新能源EC5 2019款 新尚版,北汽新能源,北汽新能源EC5,59800,119293,9成新,2020-11,2.9万公里,70kW,北京(京),403km,1,2519,前置前驱
116295191,特斯拉 Model 3 2021款 Performance高性能全轮驱动版 3D6,特斯拉,Model 3,315000,368951,9成新,2021-07,1.1万公里,357kW,深圳(粤),605km,0,2875,双电机四驱
116424693,欧拉黑猫 2021款 351km 豪华型,欧拉,欧拉黑猫,69800,86620,95成新,2020-12,0.8万公里,35kW,娄底(湘),351km,1,2475,前置前驱
116367560,大众 高尔夫·纯电 2020款 驰,大众,高尔夫·纯电,94400,160323,8成新,2021-03,1.5万公里,100kW,石家庄(冀),270km,0,2631,前置前驱
115782697,比亚迪 元新能源 2019款 EV360 智联悦享型,比亚迪,元新能源,81800,119184,8成新,2020-12,2.0万公里,70kW,深圳(粤),305km,1,2535,前置前驱
115746173,特斯拉 Model 3 2021款 标准续航后驱升级版,特斯拉,Model 3,225800,289538,8成新,2021-01,2.3万公里,202kW,武汉(鄂),468km,0,2875,后置后驱
116412471,小鹏汽车P7 2020款 706G,小鹏汽车,小鹏汽车P7,209800,276686,8成新,2020-11,2.6万公里,196kW,杭州(浙),706km,1,2998,后置后驱
116370876,特斯拉 Model 3 2020款 改款 标准续航后驱升级版,特斯拉,Model 3,238800,292751,95成新,2021-06,0.5万公里,202kW,台州(浙),468km,0,2875,后置后驱
116486476,理想汽车 理想ONE 2021款 增程6座版,理想,理想ONE,316000,366888,95成新,2021-07,1.5万公里,245kW,重庆(渝),188km,1,2935,双电机四驱
115579946,五菱汽车 宏光MINI EV 2020款 自在款 三元锂,五菱,宏光MINI EV,28500,35603,9成新,2020-11,0.6万公里,20kW,深圳(粤),120km,1,1940,后置后驱
115845960,特斯拉 Model 3 2020款 改款 标准续航后驱升级版,特斯拉,Model 3,232000,292751,95成新,2021-06,0.7万公里,202kW,台州(浙),468km,0,2875,后置后驱
115818809,小鹏汽车G3 2020款 520长续航 悦享版,小鹏汽车,小鹏汽车G3,129800,173458,95成新,2021-01,1.8万公里,145kW,北京(京),520km,1,2625,前置前驱
115864801,奇瑞eQ1 2019款 小蚂蚁 4座智炫版,奇瑞,奇瑞eQ1,53500,82278,9成新,2019-12,1.0万公里,30kW,沧州(冀),301km,1,2150,后置后驱
115813879,宝骏E100 2019款 250KM 智行版,宝骏,宝骏E100,29800,54056,8成新,2019-07,2.5万公里,29kW,青岛(鲁),250km,1,1600,前置前驱
116345974,北汽新能源 EX系列 2018款 EX360 新尚版,北汽新能源,EX系列,49000,101925,7成新,2018-07,8.0万公里,80kW,沧州(冀),318km,1,2519,前置前驱
115832345,小鹏汽车G3 2020款 520i 智享版,小鹏汽车,小鹏汽车G3,128000,198423,8成新,2021-01,2.8万公里,145kW,南京(苏),520km,1,2625,前置前驱
116119438,特斯拉 Model 3 2020款 改款 标准续航后驱升级版,特斯拉,Model 3,233000,292751,99成新,2021-06,0.1万公里,202kW,台州(浙),468km,0,2875,后置后驱
116144697,特斯拉 Model Y 2021款 标准续航后驱版,特斯拉,Model Y,286000,316783,9成新,2021-11,0.9万公里,220kW,武汉(鄂),525km,0,2890,后置后驱
116136402,哪吒汽车 哪吒V 2021款 标准续航行业定制版,哪吒汽车,哪吒V,62000,79130,9成新,2021-10,0.3万公里,40kW,成都(川),301km,1,2420,前置前驱
116197462,荣威eRX5 2017款 ERX5 EV400 电动互联网至尊版,荣威,荣威eRX5,78600,322167,8成新,2018-03,5.3万公里,85kW,深圳(粤),320km,1,2700,前置前驱
116170409,丰田 奕泽E进擎 2020款 E·智享版,丰田,奕泽E进擎,128000,258124,9成新,2021-07,1.9万公里,150kW,淄博(鲁),400km,0,2640,前置前驱
115722479,蔚来ES6 2019款 430KM 性能版,蔚来,蔚来ES6,268000,432017,8成新,2019-08,4.5万公里,400kW,南京(苏),430km,1,2900,双电机四驱
116321731,奇瑞eQ1 2019款 4座智享版 30.6kWh,奇瑞,奇瑞eQ1,52800,75765,9成新,2020-08,1.6万公里,30kW,深圳(粤),301km,1,2150,后置后驱
116346460,特斯拉 Model Y 2022款 后轮驱动版,特斯拉,Model Y,293800,327638,99成新,2022-02,100公里,202kW,济南(鲁),-,0,2890,后置后驱
116437532,五菱汽车 宏光MINI EV 2021款 马卡龙时尚款 三元锂,五菱,宏光MINI EV,38800,40813,9成新,2022-01,600公里,20kW,黄冈(鄂),120km,1,1940,后置后驱
116436636,特斯拉 Model 3 2021款 标准续航后驱升级版,特斯拉,Model 3,227800,289538,9成新,2021-03,2.0万公里,202kW,太原(晋),468km,0,2875,后置后驱
116429310,比亚迪e2 2020款 升级版 标准续航版 标准型,比亚迪,比亚迪e2,76000,97475,9成新,2020-12,1.7万公里,70kW,深圳(粤),305km,1,2610,前置前驱
116378932,大众 朗逸纯电 2019款 优享版,大众,朗逸纯电,83800,161626,8成新,2020-05,4.4万公里,100kW,广州(粤),278km,0,2680,前置前驱
116243453,东风 俊风ER30 2018款 基本型,东风,俊风ER30,31800,162603,8成新,2019-01,0.3万公里,60kW,济宁(鲁),255km,1,2450,前置前驱
115998099,特斯拉 Model 3 2020款 标准续航后驱升级版,特斯拉,Model 3,219300,316740,9成新,2020-11,2.2万公里,202kW,鞍山(辽),445km,0,2875,后置后驱
116218285,北汽新能源 EV系列 2016款 EV160 轻快版,北汽新能源,EV系列,23600,95304,7成新,2017-04,2.6万公里,45kW,廊坊(冀),150km,1,2500,前置前驱
115721351,特斯拉 Model Y 2021款 标准续航后驱版,特斯拉,Model Y,291800,316783,99成新,2021-09,1.0万公里,220kW,太原(晋),525km,0,2890,后置后驱
116222052,比亚迪 元新能源 2018款 EV360 智联炫酷型,比亚迪,元新能源,62000,101925,8成新,2018-12,2.5万公里,70kW,广州(粤),305km,1,2535,前置前驱
116486417,特斯拉 Model Y 2021款 长续航全轮驱动版,特斯拉,Model Y,328000,377635,9成新,2021-01,2.4万公里,317kW,厦门(闽),594km,0,2890,双电机四驱
116147941,大众 高尔夫·纯电 2020款 驰,大众,高尔夫·纯电,85000,160323,8成新,2020-09,2.5万公里,100kW,廊坊(冀),270km,0,2631,前置前驱
115985582,五菱汽车 宏光MINI EV 2021款 马卡龙时尚款 磷酸铁锂,五菱,宏光MINI EV,35000,40813,9成新,2021-04,0.5万公里,20kW,宜昌(鄂),120km,1,1940,后置后驱
116389634,比亚迪 汉 2020款 EV 四驱高性能版旗舰型,比亚迪,汉,249800,308816,9成新,2020-11,0.3万公里,363kW,杭州(浙),550km,1,2920,双电机四驱
116127442,威马汽车 威马EX6 2020款 Plus 首发创始人版,威马汽车,威马EX6,144500,260404,8成新,2020-10,2.7万公里,160kW,北京(京),505km,1,2715,前置前驱
116291023,小鹏汽车G3 2019款 尊享版,小鹏汽车,小鹏汽车G3,126000,216876,9成新,2019-06,2.5万公里,145kW,临沂(鲁),365km,1,2610,前置前驱
116469522,奔驰EQC 2020款 EQC 350 4MATIC,奔驰,奔驰EQC,299800,542517,9成新,2020-12,2.2万公里,210kW,杭州(浙),415km,0,2873,双电机四驱
115846481,欧拉黑猫 2021款 351km 标准型,欧拉,欧拉黑猫,65000,80107,8成新,2020-10,3.1万公里,35kW,天津(津),351km,1,2475,前置前驱
115836279,特斯拉 Model 3 2020款 改款 长续航后轮驱动版,特斯拉,Model 3,248000,336387,9成新,2021-01,2.0万公里,202kW,宁波(浙),668km,0,2875,后置后驱
116364593,威马汽车 威马EX5 2018款 EX5 400 Extra创新版,威马汽车,威马EX5,85000,241300,7成新,2019-01,6.7万公里,160kW,北京(京),400km,1,2703,前置前驱
115759766,宝骏E100 2018款 智行版,宝骏,宝骏E100,23800,101925,8成新,2018-12,4.5万公里,29kW,柳州(桂),200km,1,1600,前置前驱
116144068,五菱汽车 宏光MINI EV 2020款 悦享款 磷酸铁锂,五菱,宏光MINI EV,38000,42116,9成新,2021-12,200公里,20kW,郑州(豫),170km,1,1940,后置后驱
116399049,小鹏汽车G3 2020款 460i 悦享版,小鹏汽车,小鹏汽车G3,127000,162603,99成新,2021-03,1.5万公里,145kW,长沙(湘),460km,1,2625,前置前驱
116533412,特斯拉 Model 3 2021款 标准续航后驱升级版 3D6,特斯拉,Model 3,252000,273256,99成新,2022-01,0.3万公里,220kW,宁波(浙),468km,0,2875,后置后驱
116226928,威马汽车 威马EX5 2020款 EX5 400 即客行版,威马汽车,威马EX5,108000,159347,8成新,2021-07,3.2万公里,160kW,成都(川),400km,1,2703,前置前驱
116369026,小鹏汽车G3 2020款 520i 智享版,小鹏汽车,小鹏汽车G3,151800,198423,99成新,2021-12,100公里,145kW,南宁(桂),520km,1,2625,前置前驱
116170560,众泰E200 2018款 Pro,众泰,众泰E200,35800,75874,8成新,2018-09,0.3万公里,60kW,北京(京),301km,1,1810,后置后驱
115844412,新宝骏 宝骏E300 2020款 Plus 星际智行版,宝骏,宝骏E300,63000,75765,9成新,2020-10,0.3万公里,40kW,上海(沪),305km,1,2020,后置后驱
116532468,理想汽车 理想ONE 2021款 增程6座版,理想,理想ONE,286000,366888,9成新,2021-10,0.5万公里,245kW,北京(京),188km,1,2935,双电机四驱
116227378,大众 ID.4 CROZZ 2021款 长续航PRO两驱版,大众,ID.4 CROZZ,208000,260404,9成新,2021-06,1.3万公里,150kW,宁波(浙),550km,0,2765,后置后驱
116173823,小鹏汽车P7 2020款 670N,小鹏汽车,小鹏汽车P7,239800,295573,8成新,2021-02,3.2万公里,196kW,苏州(苏),656km,1,2998,后置后驱
116148064,特斯拉 Model 3 2021款 改款 Performance高性能全轮驱动版 3D1,特斯拉,Model 3,325000,368951,9成新,2021-08,0.7万公里,339kW,嘉兴(浙),605km,0,2875,双电机四驱
115724003,大众 ID.6 X 2021款 1st Edition ID.初见版,大众,ID.6 X,229800,302724,99成新,2021-12,600公里,150kW,唐山(冀),588km,0,2965,后置后驱
116417596,理想汽车 理想ONE 2020款 增程6座版,理想,理想ONE,257900,356034,7成新,2020-10,7.7万公里,240kW,重庆(渝),180km,1,2935,双电机四驱
116292323,比亚迪 汉 2020款 EV 超长续航版尊贵型,比亚迪,汉,193000,283090,9成新,2020-09,1.2万公里,163kW,石家庄(冀),605km,1,2920,前置前驱
115796823,奇瑞 小蚂蚁 2022款 甜粉款 半糖版 三元锂 30kW 301km,奇瑞,小蚂蚁,66000,75874,99成新,2022-01,400公里,30kW,德州(鲁),301km,1,2150,后置后驱
116362716,特斯拉 Model Y 2021款 标准续航后驱版,特斯拉,Model Y,305000,316783,99成新,2022-02,300公里,220kW,温州(浙),525km,0,2890,后置后驱
115973206,蔚来ES6 2019款 420KM 运动版,蔚来,蔚来ES6,279000,388598,9成新,2020-03,3.4万公里,320kW,南京(苏),420km,1,2900,双电机四驱
115723441,特斯拉 Model 3 2021款 标准续航后驱升级版,特斯拉,Model 3,219800,289538,8成新,2021-03,5.9万公里,202kW,上海(沪),468km,0,2875,后置后驱
116001390,特斯拉 Model 3 2019款 标准续航后驱升级版,特斯拉,Model 3,203500,316740,8成新,2020-04,3.9万公里,175kW,成都(川),460km,0,2875,后置后驱
116272970,特斯拉 Model 3 2020款 改款 标准续航后驱升级版,特斯拉,Model 3,205800,292751,8成新,2020-12,3.7万公里,202kW,深圳(粤),468km,0,2875,后置后驱
116508517,特斯拉 Model Y 2021款 标准续航后驱版,特斯拉,Model Y,309900,316783,9成新,2021-10,0.6万公里,220kW,金华(浙),525km,0,2890,后置后驱
116354673,五菱汽车 宏光MINI EV 2020款 自在款 磷酸铁锂,五菱,宏光MINI EV,29500,35603,9成新,2021-04,0.9万公里,20kW,淄博(鲁),120km,1,1940,后置后驱
116483616,五菱汽车 宏光MINI EV 2020款 自在款 三元锂,五菱,宏光MINI EV,28800,35603,95成新,2021-04,0.8万公里,20kW,孝感(鄂),120km,1,1940,后置后驱
115779941,威马汽车 威马EX5 2020款 EX5 400 即客行版,威马汽车,威马EX5,99800,159347,9成新,2021-05,2.9万公里,160kW,长沙(湘),400km,1,2703,前置前驱
116365856,五菱汽车 宏光MINI EV 2021款 马卡龙臻享款 磷酸铁锂,五菱,宏光MINI EV,42800,47326,9成新,2021-05,0.7万公里,20kW,重庆(渝),170km,1,1940,后置后驱
116127504,欧拉黑猫 2021款 351km 豪华型,欧拉,欧拉黑猫,58800,86620,9成新,2020-08,1.6万公里,35kW,信阳(豫),351km,1,2475,前置前驱
116370245,特斯拉 Model 3 2021款 标准续航后驱升级版 3D6,特斯拉,Model 3,260000,273256,99成新,2021-12,0.2万公里,220kW,福州(闽),468km,0,2875,后置后驱
115778468,五菱汽车 宏光MINI EV 2020款 自在款 磷酸铁锂,五菱,宏光MINI EV,28800,35603,95成新,2021-04,0.7万公里,20kW,孝感(鄂),120km,1,1940,后置后驱
116541738,华晨新日i03 2021款 标准型,华晨新日,华晨新日i03,63800,82278,99成新,2021-12,800公里,45kW,无锡(苏),410km,1,2185,前置前驱
116392305,R汽车 MARVEL R 2021款 后驱PRO版,R汽车,MARVEL R,196500,260295,99成新,2022-02,200公里,137kW,惠州(粤),505km,1,2800,后置后驱
116194109,五菱汽车 宏光MINI EV 2020款 自在款 磷酸铁锂,五菱,宏光MINI EV,31300,35603,99成新,2022-02,100公里,20kW,呼和浩特(蒙),120km,1,1940,后置后驱
116365544,五菱汽车 宏光MINI EV 2020款 自在款 磷酸铁锂,五菱,宏光MINI EV,30800,35603,9成新,2021-01,0.3万公里,20kW,济宁(鲁),120km,1,1940,后置后驱
116369834,小鹏汽车P7 2022款 670E+,小鹏汽车,小鹏汽车P7,273000,310227,99成新,2022-02,0.2万公里,196kW,郑州(豫),670km,1,2998,后置后驱
116421934,五菱汽车 宏光MINI EV 2020款 自在款 磷酸铁锂,五菱,宏光MINI EV,29500,35603,9成新,2020-12,0.6万公里,20kW,晋中(晋),120km,1,1940,后置后驱
115900600,东风 俊风ER30 2018款 基本型,东风,俊风ER30,32600,162603,6成新,2018-12,1.7万公里,60kW,襄阳(鄂),255km,1,2450,前置前驱
116433773,小鹏汽车P7 2020款 562N性能版,小鹏汽车,小鹏汽车P7,256000,368951,8成新,2020-09,3.0万公里,316kW,长沙(湘),552km,1,2998,双电机四驱
116493769,特斯拉 Model Y 2021款 标准续航后驱版,特斯拉,Model Y,299800,316783,99成新,2022-01,600公里,220kW,武汉(鄂),525km,0,2890,后置后驱
116365378,比亚迪e6 2016款 400 精英版,比亚迪,比亚迪e6,62500,358205,7成新,2017-03,11.9万公里,90kW,北京(京),400km,1,2830,前置前驱
115845892,荣威Ei5 2018款 互联网豪华版,荣威,荣威Ei5,74500,232073,8成新,2018-04,2.6万公里,85kW,唐山(冀),301km,1,2665,前置前驱
116412350,特斯拉 Model Y 2021款 标准续航后驱版,特斯拉,Model Y,288800,316783,99成新,2021-12,0.5万公里,220kW,济南(鲁),525km,0,2890,后置后驱
115678931,特斯拉 Model 3 2020款 标准续航后驱升级版,特斯拉,Model 3,205800,316740,8成新,2020-06,1.9万公里,202kW,成都(川),445km,0,2875,后置后驱
116414841,ARCFOX极狐 ARCFOX αT 2021款 653S+,ARCFOX极狐,ARCFOX αT,240000,300566,99成新,2022-02,100公里,160kW,石家庄(冀),653km,1,2915,前置前驱
116422070,欧拉黑猫 2019款 351km 亲子版,欧拉,欧拉黑猫,62800,80107,8成新,2021-04,2.9万公里,35kW,廊坊(冀),351km,1,2475,前置前驱
116426551,大众 ID.4 CROZZ 2021款 长续航PRO两驱版,大众,ID.4 CROZZ,199800,260404,95成新,2021-04,1.1万公里,150kW,深圳(粤),550km,0,2765,后置后驱
116484126,江淮iEV6E 2017款 iEV6E,江淮,江淮iEV6E,25500,139482,7成新,2017-10,3.8万公里,45kW,北京(京),170km,1,2390,前置前驱
115795192,广汽新能源 Aion V(埃安V) 2020款 70 驾享智尊版,广汽埃安,Aion V(埃安V),146900,209495,8成新,2021-02,2.8万公里,135kW,兰州(甘),500km,1,2830,前置前驱
116486232,特斯拉 Model Y 2021款 长续航全轮驱动版 3D7,特斯拉,Model Y,333000,377635,95成新,2021-06,1.2万公里,331kW,厦门(闽),594km,0,2890,双电机四驱
115850976,几何汽车 几何A 2019款 升级款 高维标准续航立方版,几何汽车,几何A,93800,173675,7成新,2019-07,6.2万公里,120kW,成都(川),410km,1,2700,前置前驱
116149679,小鹏汽车P7 2020款 670E,小鹏汽车,小鹏汽车P7,268000,306428,99成新,2022-01,100公里,196kW,重庆(渝),656km,1,2998,后置后驱
115830009,特斯拉 Model 3 2020款 标准续航后驱升级版,特斯拉,Model 3,213000,316740,9成新,2020-10,1.7万公里,202kW,广州(粤),445km,0,2875,后置后驱
115793441,比亚迪 汉 2020款 EV 超长续航版尊贵型,比亚迪,汉,208800,283090,8成新,2020-12,2.1万公里,163kW,上海(沪),605km,1,2920,前置前驱
115832464,五菱汽车 宏光MINI EV 2020款 悦享款 磷酸铁锂,五菱,宏光MINI EV,33800,42116,95成新,2021-12,100公里,20kW,吉林(吉),170km,1,1940,后置后驱
116340738,江淮iEV6E 2017款 iEV6E,江淮,江淮iEV6E,25500,139482,8成新,2017-07,3.6万公里,45kW,南宁(桂),170km,1,2390,前置前驱
116421555,比亚迪 元新能源 2018款 EV360 智联炫酷型,比亚迪,元新能源,65800,101925,8成新,2019-01,3.8万公里,70kW,达州(川),305km,1,2535,前置前驱
115949024,特斯拉 Model 3 2019款 标准续航后驱升级版,特斯拉,Model 3,214000,316740,8成新,2020-01,2.4万公里,175kW,常州(苏),460km,0,2875,后置后驱
116338620,欧拉黑猫 2021款 351km 标准型,欧拉,欧拉黑猫,75000,80107,9成新,2021-01,2.1万公里,35kW,天津(津),351km,1,2475,前置前驱
116245072,五菱汽车 宏光MINI EV 2021款 马卡龙臻享款 磷酸铁锂,五菱,宏光MINI EV,41800,47326,9成新,2021-12,0.1万公里,20kW,南京(苏),170km,1,1940,后置后驱
115793007,特斯拉 Model 3 2020款 改款 标准续航后驱升级版,特斯拉,Model 3,219000,292751,9成新,2021-01,3.2万公里,202kW,廊坊(冀),468km,0,2875,后置后驱
116447900,五菱汽车 宏光MINI EV 2020款 自在款 三元锂,五菱,宏光MINI EV,28800,35603,9成新,2020-10,1.0万公里,20kW,大连(辽),120km,1,1940,后置后驱
116532148,五菱汽车 宏光MINI EV 2020款 自在款 磷酸铁锂,五菱,宏光MINI EV,28800,35603,9成新,2021-09,0.7万公里,20kW,郑州(豫),120km,1,1940,后置后驱
116149638,比亚迪 秦新能源 2015款 1.5T 双冠旗舰Plus版,比亚迪,秦新能源,43000,238586,7成新,2015-08,6.7万公里,110kW,上海(沪),70km,1,2670,前置前驱
116546659,奇瑞新能源 QQ冰淇淋 2022款 甜筒,奇瑞,QQ冰淇淋,40000,41139,95成新,2022-01,100公里,20kW,温州(浙),120km,1,1960,后置后驱
116370377,R汽车 ER6 2021款 新动版 620km 智享版,R汽车,ER6,138800,190825,95成新,2022-01,800公里,135kW,深圳(粤),620km,1,2715,前置前驱
116413432,新特汽车 SITECH DEV 1 2018款 创睿版,新特汽车,SITECH DEV 1,39800,169224,8成新,2019-04,4.3万公里,55kW,东莞(粤),305km,1,2415,前置前驱
115836489,特斯拉 Model Y 2021款 标准续航后驱版,特斯拉,Model Y,283000,316783,95成新,2021-09,0.4万公里,220kW,郑州(豫),525km,0,2890,后置后驱
116388378,理想汽车 理想ONE 2020款 增程6座版,理想,理想ONE,284800,356034,9成新,2021-02,2.8万公里,240kW,深圳(粤),180km,1,2935,双电机四驱
116202812,R汽车 ER6 2021款 新动版 620km 智行版,R汽车,ER6,136800,176714,8成新,2021-09,1.0万公里,135kW,成都(川),620km,1,2715,前置前驱
116433745,零跑汽车 零跑T03 2020款 400标准版,零跑汽车,零跑T03,80000,71423,9成新,2021-06,1.4万公里,55kW,温州(浙),403km,0,2400,前置前驱
116487337,五菱汽车 宏光MINI EV 2020款 悦享款 磷酸铁锂,五菱,宏光MINI EV,38500,42116,99成新,2022-02,100公里,20kW,西安(陕),170km,1,1940,后置后驱
116123232,特斯拉 Model 3 2019款 长续航全轮驱动版(进口),特斯拉,Model 3,250000,477498,7成新,2019-07,3.4万公里,258kW,石家庄(冀),590km,0,2875,双电机四驱
116319782,比亚迪 汉 2020款 EV 超长续航版尊贵型,比亚迪,汉,210800,283090,8成新,2020-12,2.0万公里,163kW,成都(川),605km,1,2920,前置前驱
115914198,特斯拉 Model 3 2020款 改款 标准续航后驱升级版,特斯拉,Model 3,227000,292751,9成新,2021-06,0.5万公里,202kW,台州(浙),468km,0,2875,后置后驱
116171738,荣威 科莱威CLEVER 2020款 都市风尚版,荣威,科莱威CLEVER,34800,65127,9成新,2020-07,1.4万公里,37kW,阳泉(晋),260km,1,2000,前置前驱
116508075,长安 奔奔E-Star 2020款 心动版,长安,奔奔E-Star,63800,75765,9成新,2021-11,0.7万公里,55kW,长沙(湘),301km,1,2410,前置前驱
116149839,东风风光 风光E3 2019款 EVR 增程智慧型,东风风光,风光E3,75000,162603,8成新,2020-12,4.7万公里,120kW,重庆(渝),100km,1,2655,后置后驱
116149643,小鹏汽车P7 2020款 670E,小鹏汽车,小鹏汽车P7,265000,306428,99成新,2022-01,100公里,196kW,重庆(渝),656km,1,2998,后置后驱
116418710,欧拉iQ 2018款 高续航版 智联型,欧拉,欧拉iQ,66000,124611,9成新,2018-12,1.7万公里,120kW,北京(京),401km,1,2615,前置前驱
116483698,宝马iX3 2021款 创领型,宝马,宝马iX3,318000,477498,8成新,2020-12,1.6万公里,210kW,武汉(鄂),500km,0,2864,后置后驱
115700252,特斯拉Model X 2016款 Model X 75D,特斯拉,特斯拉Model X,482000,864902,8成新,2019-05,5.5万公里,386kW,郑州(豫),406km,0,2965,双电机四驱
116217391,比亚迪 唐新能源 2019款 EV600D 四驱智联创领型,比亚迪,唐新能源,185000,355925,8成新,2019-05,6.3万公里,360kW,深圳(粤),500km,1,2820,双电机四驱
116438308,众泰E200 2018款 Pro,众泰,众泰E200,38000,75874,8成新,2018-09,2.5万公里,60kW,深圳(粤),301km,1,1810,后置后驱
116245361,特斯拉 Model 3 2022款 后轮驱动版,特斯拉,Model 3,258800,289538,9成新,2022-01,400公里,202kW,台州(浙),-,0,2875,后置后驱
115833520,特斯拉 Model 3 2020款 改款 标准续航后驱升级版,特斯拉,Model 3,223800,292751,9成新,2021-01,1.1万公里,202kW,南通(苏),468km,0,2875,后置后驱
116422210,荣威Ei5 2018款 互联网旗舰版,荣威,荣威Ei5,66000,242928,7成新,2018-11,7.3万公里,85kW,廊坊(冀),301km,1,2665,前置前驱
116388196,特斯拉 Model 3 2019款 标准续航后驱升级版(进口),特斯拉,Model 3,195000,395002,7成新,2019-12,7.0万公里,175kW,青岛(鲁),460km,0,2875,后置后驱
116541324,特斯拉 Model Y 2022款 后轮驱动版,特斯拉,Model Y,294600,327638,95成新,2022-02,100公里,202kW,重庆(渝),-,0,2890,后置后驱
115865087,五菱汽车 宏光MINI EV 2021款 马卡龙时尚款 磷酸铁锂,五菱,宏光MINI EV,39800,40813,9成新,2021-12,100公里,20kW,郑州(豫),120km,1,1940,后置后驱
116150619,五菱汽车 宏光MINI EV 2021款 马卡龙臻享款 磷酸铁锂,五菱,宏光MINI EV,46000,47326,95成新,2021-12,400公里,20kW,郑州(豫),170km,1,1940,后置后驱
115678654,欧拉iQ 2018款 高续航版 智联型,欧拉,欧拉iQ,72000,124611,8成新,2019-01,2.5万公里,120kW,唐山(冀),401km,1,2615,前置前驱
116467066,特斯拉 Model Y 2021款 标准续航后驱版,特斯拉,Model Y,288800,316783,95成新,2021-12,0.4万公里,220kW,盐城(苏),525km,0,2890,后置后驱
116337686,北汽新能源 EU系列 2017款 EU260 乐享版,北汽新能源,EU系列,48600,234352,7成新,2017-05,4.5万公里,100kW,潍坊(鲁),260km,1,2650,前置前驱
116372625,小鹏汽车G3 2019款 智享版,小鹏汽车,小鹏汽车G3,98000,192996,7成新,2019-06,6.5万公里,145kW,深圳(粤),351km,1,2610,前置前驱
116523723,特斯拉 Model 3 2020款 改款 标准续航后驱升级版,特斯拉,Model 3,209600,292751,9成新,2020-10,1.6万公里,202kW,重庆(渝),468km,0,2875,后置后驱
116193415,理念 广汽本田VE-1 2021款 VE-1 S+ 湃锐版,理念,广汽本田VE-1,102600,188654,8成新,2021-02,2.2万公里,120kW,广州(粤),470km,1,2610,前置前驱
116518561,特斯拉 Model Y 2021款 标准续航后驱版,特斯拉,Model Y,296000,316783,95成新,2022-01,100公里,220kW,泉州(闽),525km,0,2890,后置后驱
116494263,北汽新能源 EU系列 2018款 R500 智风版,北汽新能源,EU系列,82000,144258,8成新,2019-02,1.5万公里,160kW,北京(京),416km,1,2670,前置前驱
115779809,思铭X-NV 2020款 风驰版,思铭,思铭X-NV,89500,184312,9成新,2020-06,3.0万公里,120kW,珠海(粤),401km,1,2610,前置前驱
116339509,欧拉白猫 2020款 360km 标准型,欧拉,欧拉白猫,68500,82278,9成新,2021-04,0.9万公里,35kW,廊坊(冀),360km,1,2490,前置前驱
116555721,特斯拉 Model 3 2021款 标准续航后驱升级版,特斯拉,Model 3,252000,289538,9成新,2022-01,0.4万公里,202kW,常州(苏),468km,0,2875,后置后驱
116337517,北汽新能源 EV系列 2016款 EV160 轻快版,北汽新能源,EV系列,27900,95304,8成新,2017-06,3.5万公里,45kW,潍坊(鲁),150km,1,2500,前置前驱
116270311,奇瑞eQ1 2018款 智炫版 4座,奇瑞,奇瑞eQ1,30000,182250,7成新,2017-11,2.9万公里,30kW,临沂(鲁),151km,1,2150,后置后驱
116374460,江淮iEV 2015款 iEV5,江淮,江淮iEV,37800,195167,7成新,2016-04,3.5万公里,50kW,北京(京),170km,1,2490,前置前驱
116228778,五菱汽车 宏光MINI EV 2021款 马卡龙臻享款 磷酸铁锂,五菱,宏光MINI EV,40800,47326,9成新,2021-07,0.5万公里,20kW,武汉(鄂),170km,1,1940,后置后驱
116219926,SERES赛力斯 赛力斯SF5 2021款 华为智选四驱版,SERES赛力斯,赛力斯SF5,189800,267894,9成新,2021-09,0.5万公里,405kW,兰州(甘),180km,1,2875,双电机四驱
115811651,比亚迪e2 2020款 升级版 高续航版 尊贵型,比亚迪,比亚迪e2,85000,130039,9成新,2020-12,1.8万公里,70kW,郑州(豫),405km,1,2610,前置前驱
116341240,零跑汽车 零跑T03 2021款 400轻享版,零跑汽车,零跑T03,55800,64911,9成新,2021-07,1.9万公里,55kW,成都(川),403km,1,2400,前置前驱
115815757,特斯拉 Model 3 2020款 改款 标准续航后驱升级版,特斯拉,Model 3,220000,292751,9成新,2021-01,2.9万公里,202kW,常州(苏),468km,0,2875,后置后驱
116544848,特斯拉 Model 3 2020款 改款 标准续航后驱升级版,特斯拉,Model 3,221800,292751,9成新,2020-12,1.9万公里,202kW,淄博(鲁),468km,0,2875,后置后驱
115792494,五菱汽车 五菱荣光EV 2020款 客车版基本型7座300KM,五菱,五菱荣光EV,79000,97475,9成新,2021-03,1.7万公里,60kW,杭州(浙),300km,0,3050,后置后驱
115811256,北汽新能源 EC系列 2018款 EC220 经典版,北汽新能源,EC系列,29800,64911,8成新,2018-06,2.7万公里,36kW,郑州(豫),171km,1,2360,前置前驱
116508664,东风 俊风E11K 2019款 标准型,东风,俊风E11K,70000,253782,9成新,2019-12,400公里,100kW,福州(闽),405km,1,2700,前置前驱
116513478,小鹏汽车G3 2021款 G3i 460G,小鹏汽车,小鹏汽车G3,136000,162603,9成新,2021-11,0.3万公里,145kW,扬州(苏),460km,1,2625,前置前驱
116323082,特斯拉 Model 3 2019款 标准续航后驱升级版,特斯拉,Model 3,218000,316740,9成新,2020-04,2.1万公里,175kW,上海(沪),460km,0,2875,后置后驱
116319039,红旗E-HS9 2021款 旗·领 四座版,红旗,红旗E-HS9,613000,792176,9成新,2021-08,0.3万公里,405kW,西安(陕),510km,1,3110,双电机四驱
116390358,宝骏E100 2019款 250KM 智行版,宝骏,宝骏E100,32800,54056,9成新,2020-01,1.1万公里,29kW,武汉(鄂),250km,1,1600,前置前驱
116377333,五菱汽车 宏光MINI EV 2020款 悦享款 磷酸铁锂,五菱,宏光MINI EV,34200,42116,9成新,2020-12,0.5万公里,20kW,潍坊(鲁),170km,1,1940,后置后驱
116445642,比亚迪 汉 2020款 EV 四驱高性能版旗舰型,比亚迪,汉,230000,308816,9成新,2020-08,2.6万公里,363kW,洛阳(豫),550km,1,2920,双电机四驱
116512228,新宝骏 宝骏E300 2020款 星际智趣版,宝骏,宝骏E300,61800,79022,95成新,2021-01,0.8万公里,40kW,广州(粤),305km,1,1750,后置后驱
116447413,猎豹汽车 猎豹CS9新能源 2018款 EV300 风尚版,猎豹,猎豹CS9新能源,49800,223389,8成新,2018-05,6.1万公里,90kW,济南(鲁),255km,1,2600,前置前驱
116013973,哪吒汽车 哪吒V 2021款 长续航娱乐版升级型,哪吒汽车,哪吒V,59800,79130,99成新,2021-09,0.6万公里,55kW,郑州(豫),401km,1,2420,前置前驱
116371697,宝骏E100 2020款 305KM 智行版,宝骏,宝骏E100,37800,54056,9成新,2021-06,0.2万公里,24kW,扬州(苏),305km,1,1600,前置前驱
116556117,蔚来ES8 2018款 355KM 基准版 七座版,蔚来,蔚来ES8,283000,486290,9成新,2019-06,3.2万公里,480kW,杭州(浙),355km,1,3010,双电机四驱
116363350,小鹏汽车P7 2022款 670N+,小鹏汽车,小鹏汽车P7,273000,299372,9成新,2022-01,0.2万公里,196kW,南通(苏),670km,0,2998,后置后驱
115868713,比亚迪 汉 2020款 EV 超长续航版尊贵型,比亚迪,汉,217000,283090,9成新,2021-01,0.8万公里,163kW,广州(粤),605km,1,2920,前置前驱
116395316,小鹏汽车G3 2019款 智享版,小鹏汽车,小鹏汽车G3,94800,192996,8成新,2019-06,3.6万公里,145kW,天津(津),351km,1,2610,前置前驱
116146846,荣威eRX5 2017款 ERX5 EV400 电动互联网至尊版,荣威,荣威eRX5,75800,322167,7成新,2017-12,5.6万公里,85kW,北京(京),320km,1,2700,前置前驱
115775426,荣威MARVEL X 2018款 后驱版,荣威,荣威MARVEL X,155200,291774,95成新,2021-04,400公里,137kW,嘉兴(浙),403km,1,2800,双电机后驱
116375379,欧拉好猫 2021款 500km长续航 波塞冬版 三元锂,欧拉,欧拉好猫,123000,156199,9成新,2021-06,2.6万公里,105kW,广州(粤),501km,1,2650,前置前驱
115814873,奇瑞eQ1 2018款 小蚂蚁400 智享版 4座,奇瑞,奇瑞eQ1,41600,71423,8成新,2019-03,3.2万公里,30kW,厦门(闽),301km,1,2150,后置后驱
116220057,比亚迪e2 2020款 升级版 标准续航版 标准型,比亚迪,比亚迪e2,73000,97475,9成新,2021-03,0.2万公里,70kW,遂宁(川),305km,1,2610,前置前驱
116276288,理想汽车 理想ONE 2020款 增程7座版,理想,理想ONE,260000,356034,9成新,2020-07,5.3万公里,240kW,邯郸(冀),180km,1,2935,双电机四驱
116515467,北汽新能源 EU系列 2017款 EU260 乐享版,北汽新能源,EU系列,51800,234352,9成新,2017-05,1.9万公里,100kW,北京(京),260km,1,2650,前置前驱
116224297,威马汽车 威马EX5 2019款 EX5 Extra创新版400,威马汽车,威马EX5,90000,184312,8成新,2019-04,2.7万公里,160kW,合肥(皖),400km,1,2703,前置前驱
116415139,大众 ID.4 CROZZ 2021款 长续航PRO两驱版,大众,ID.4 CROZZ,194000,260404,99成新,2021-04,0.6万公里,150kW,重庆(渝),550km,0,2765,后置后驱
116199110,极氪001 2021款 长续航双电机 WE版,极氪,极氪001,295800,305017,99成新,2022-01,900公里,400kW,苏州(苏),526km,1,3005,双电机四驱
116247486,特斯拉 Model Y 2021款 标准续航后驱版,特斯拉,Model Y,298300,316783,99成新,2022-01,200公里,220kW,郑州(豫),525km,0,2890,后置后驱
115811364,零跑汽车 零跑T03 2020款 400豪华版,零跑汽车,零跑T03,66800,82278,9成新,2020-06,2.1万公里,55kW,石家庄(冀),403km,0,2400,前置前驱
115763730,理想汽车 理想ONE 2020款 增程6座版,理想,理想ONE,276800,356034,8成新,2021-01,3.7万公里,240kW,杭州(浙),180km,1,2935,双电机四驱
115846895,奇瑞蚂蚁 2020款 高能pro版,奇瑞,奇瑞蚂蚁,124000,184312,9成新,2020-11,4.4万公里,130kW,南京(苏),510km,1,2830,后置后驱
116495307,特斯拉 Model Y 2021款 标准续航后驱版,特斯拉,Model Y,292800,316783,9成新,2021-12,0.3万公里,220kW,常州(苏),525km,0,2890,后置后驱
116370839,特斯拉 Model 3 2020款 标准续航后驱升级版,特斯拉,Model 3,228000,316740,8成新,2020-06,2.3万公里,202kW,温州(浙),445km,0,2875,后置后驱
115670696,特斯拉 Model Y 2021款 长续航全轮驱动版 3D7,特斯拉,Model Y,328500,377635,8成新,2021-06,1.1万公里,331kW,潍坊(鲁),594km,0,2890,双电机四驱
116315190,五菱汽车 宏光MINI EV 2020款 自在款 磷酸铁锂,五菱,宏光MINI EV,30500,35603,99成新,2022-02,100公里,20kW,呼和浩特(蒙),120km,1,1940,后置后驱
116509055,比亚迪 汉 2020款 EV 四驱高性能版旗舰型,比亚迪,汉,227800,308816,9成新,2021-02,1.0万公里,363kW,郑州(豫),550km,1,2920,双电机四驱
116389909,Polestar极星 Polestar 2 2020款 首发版,Polestar,Polestar 2,238000,453726,9成新,2021-08,0.7万公里,300kW,重庆(渝),500km,0,2735,双电机四驱
115662214,思皓E20X 2020款 不凡版,思皓,思皓E20X,98800,149794,9成新,2021-01,1.3万公里,92kW,温州(浙),402km,1,2490,前置前驱
115971328,宝马i3 2015款 时尚型(进口),宝马,宝马i3,102600,452423,8成新,2016-09,4.3万公里,125kW,郑州(豫),185km,0,2570,后置后驱
116379730,长安欧尚 长安之星9新能源 2019款 EV260厢式运输车标准型,长安欧尚,长安之星9新能源,65000,143064,8成新,2021-02,3.0万公里,55kW,厦门(闽),245km,1,2800,中置后驱
116292676,比亚迪 元Pro 2021款401KM 尊贵型,比亚迪,元Pro,92200,115928,9成新,2021-09,0.7万公里,100kW,成都(川),401km,1,2535,前置前驱
116374856,广汽埃安 AION Y 2021款 70 智领活力版,广汽埃安,AION Y,118800,136660,9成新,2021-09,1.6万公里,135kW,佛山(粤),500km,1,2750,前置前驱
116520178,五菱汽车 宏光MINI EV 2020款 悦享款 磷酸铁锂,五菱,宏光MINI EV,33000,42116,9成新,2021-02,1.4万公里,20kW,合肥(皖),170km,1,1940,后置后驱
116436634,奇瑞 小蚂蚁 2021款 20万蚁粉款 才气版 三元锂 408km,奇瑞,小蚂蚁,67500,82387,9成新,2021-09,0.6万公里,30kW,延安(陕),408km,1,2150,后置后驱
116298739,蔚来ES6 2020款 600KM 运动版,蔚来,蔚来ES6,260000,451555,9成新,2021-03,1.5万公里,320kW,佛山(粤),600km,1,2900,双电机四驱
116314484,广汽集团 广汽ix4 2018款 领先版,广汽集团,广汽ix4,68300,233158,9成新,2018-12,3.4万公里,132kW,洛阳(豫),270km,1,2640,前置前驱
116300097,奇瑞eQ1 2019款 小蚂蚁 4座智享版 35kWh,奇瑞,奇瑞eQ1,52000,75765,8成新,2019-11,2.3万公里,30kW,鄂尔多斯(蒙),301km,1,2150,后置后驱
116325766,小鹏汽车G3 2020款 520长续航 悦享版,小鹏汽车,小鹏汽车G3,113800,173458,8成新,2019-09,5.2万公里,145kW,北京(京),520km,1,2625,前置前驱
116171099,五菱汽车 宏光MINI EV 2020款 悦享款 磷酸铁锂,五菱,宏光MINI EV,33800,42116,8成新,2021-07,0.4万公里,20kW,深圳(粤),170km,1,1940,后置后驱
116362428,小鹏汽车P7 2020款 670N,小鹏汽车,小鹏汽车P7,203800,295573,8成新,2020-10,2.6万公里,196kW,石家庄(冀),656km,1,2998,后置后驱
116470384,特斯拉 Model 3 2020款 标准续航后驱升级版,特斯拉,Model 3,204900,316740,8成新,2020-11,6.1万公里,202kW,广州(粤),445km,0,2875,后置后驱
116159789,特斯拉 Model 3 2020款 标准续航后驱升级版,特斯拉,Model 3,213800,316740,9成新,2020-08,2.4万公里,202kW,常州(苏),445km,0,2875,后置后驱
116324862,小鹏汽车G3 2019款 尊享版,小鹏汽车,小鹏汽车G3,105000,216876,8成新,2019-05,6.1万公里,145kW,东莞(粤),365km,1,2610,前置前驱
116496403,特斯拉 Model 3 2022款 后轮驱动版,特斯拉,Model 3,263800,289538,99成新,2022-02,100公里,202kW,临沂(鲁),-,0,2875,后置后驱
116341489,特斯拉 Model 3 2020款 改款 标准续航后驱升级版,特斯拉,Model 3,216600,292751,9成新,2020-10,1.8万公里,202kW,成都(川),468km,0,2875,后置后驱
116316102,五菱汽车 宏光MINI EV 2020款 自在款 磷酸铁锂,五菱,宏光MINI EV,30500,35603,99成新,2022-02,100公里,20kW,呼和浩特(蒙),120km,1,1940,后置后驱
116149361,荣威 科莱威CLEVER 2021款 302km全能版,荣威,科莱威CLEVER,38000,49930,9成新,2021-04,1.6万公里,37kW,重庆(渝),302km,1,2000,前置前驱
115563066,大众 ID.6 CROZZ 2021款 长续航PRO版,大众,ID.6 CROZZ,226700,303714,9成新,2021-08,0.7万公里,150kW,德州(鲁),565km,0,2965,后置后驱
115974567,奇瑞eQ1 2018款 小蚂蚁400 智享版 4座,奇瑞,奇瑞eQ1,44500,71423,8成新,2019-06,1.6万公里,30kW,柳州(桂),301km,1,2150,后置后驱
116175439,宝骏E200 2019款 250KM 智享版,宝骏,宝骏E200,42500,70338,9成新,2019-12,0.7万公里,29kW,南宁(桂),250km,1,1600,前置前驱
116532676,特斯拉 Model Y 2022款 后轮驱动版,特斯拉,Model Y,300000,327638,95成新,2022-02,100公里,202kW,宁波(浙),-,0,2890,后置后驱
116513717,五菱汽车 宏光MINI EV 2020款 悦享款 磷酸铁锂,五菱,宏光MINI EV,36500,42116,9成新,2021-01,0.5万公里,20kW,连云港(苏),170km,1,1940,后置后驱
116145349,零跑汽车 零跑T03 2020款 400豪华版,零跑汽车,零跑T03,63000,82278,8成新,2020-07,2.1万公里,55kW,重庆(渝),403km,0,2400,前置前驱
116364631,五菱汽车 宏光MINI EV 2021款 马卡龙时尚款 磷酸铁锂,五菱,宏光MINI EV,39000,40813,9成新,2022-01,0.1万公里,20kW,青岛(鲁),120km,1,1940,后置后驱
115942681,R汽车 MARVEL R 2021款 后驱PRO版,R汽车,MARVEL R,193800,260295,9成新,2021-11,700公里,137kW,深圳(粤),505km,1,2800,后置后驱
116293187,小鹏汽车G3 2021款 G3i 460G,小鹏汽车,小鹏汽车G3,141800,162603,99成新,2021-11,100公里,145kW,郑州(豫),460km,1,2625,前置前驱
116367508,特斯拉 Model 3 2020款 改款 标准续航后驱升级版,特斯拉,Model 3,240000,292751,9成新,2020-10,2.2万公里,202kW,福州(闽),468km,0,2875,后置后驱
116419310,特斯拉 Model 3 2020款 改款 标准续航后驱升级版,特斯拉,Model 3,215800,292751,8成新,2020-12,2.1万公里,202kW,杭州(浙),468km,0,2875,后置后驱
116389187,五菱汽车 宏光MINI EV 2020款 自在款 磷酸铁锂,五菱,宏光MINI EV,30900,35603,9成新,2021-08,0.7万公里,20kW,呼和浩特(蒙),120km,1,1940,后置后驱
116159901,特斯拉 Model 3 2020款 标准续航后驱升级版,特斯拉,Model 3,215000,316740,9成新,2020-07,0.3万公里,202kW,深圳(粤),445km,0,2875,后置后驱
115659533,奇瑞eQ1 2018款 智享版 4座,奇瑞,奇瑞eQ1,39800,177908,7成新,2018-03,3.8万公里,30kW,南宁(桂),151km,1,2150,后置后驱
115943205,理想汽车 理想ONE 2021款 增程6座版,理想,理想ONE,316800,366888,95成新,2021-08,0.5万公里,245kW,成都(川),188km,1,2935,双电机四驱
115793902,宝骏E100 2017款 智行版,宝骏,宝骏E100,23800,101925,8成新,2018-05,2.6万公里,29kW,柳州(桂),155km,1,1600,前置前驱
116136919,比亚迪e3 2021款 升级版 高续航版 豪华型,比亚迪,比亚迪e3,89500,143064,8成新,2021-01,3.8万公里,70kW,成都(川),405km,1,2610,前置前驱
116278566,奇瑞 小蚂蚁 2021款 15万蚁粉款 蚁潮版 三元锂,奇瑞,小蚂蚁,57800,72509,95成新,2021-06,0.6万公里,30kW,周口(豫),301km,1,2150,后置后驱
116463736,蔚来ES8 2018款 创始版,蔚来,蔚来ES8,275000,594837,8成新,2018-12,7.1万公里,480kW,杭州(浙),355km,1,3010,双电机四驱
115705191,五菱汽车 宏光MINI EV 2020款 轻松款 磷酸铁锂,五菱,宏光MINI EV,33000,31261,95成新,2021-06,0.2万公里,20kW,唐山(冀),120km,1,1940,后置后驱
116316373,特斯拉 Model 3 2020款 标准续航后驱升级版,特斯拉,Model 3,215800,316740,9成新,2020-06,1.8万公里,202kW,上海(沪),445km,0,2875,后置后驱
116517892,特斯拉 Model Y 2022款 后轮驱动版,特斯拉,Model Y,306000,327638,99成新,2022-02,100公里,202kW,金华(浙),-,0,2890,后置后驱
115801713,欧拉白猫 2020款 360km 豪华型,欧拉,欧拉白猫,77000,86620,9成新,2020-07,2.1万公里,35kW,南宁(桂),360km,1,2490,前置前驱
115846762,北汽新能源 EC系列 2017款 EC180 灵秀版,北汽新能源,EC系列,23600,171287,7成新,2017-11,5.8万公里,30kW,潍坊(鲁),156km,1,2360,前置前驱
116509160,知豆D2 2017款 D2 乐享版,知豆,知豆D2,19800,164774,8成新,2018-06,1.7万公里,15kW,南通(苏),155km,1,1765,前置前驱
116200653,奇瑞eQ1 2019款 小蚂蚁 4座智享版 35kWh,奇瑞,奇瑞eQ1,55800,75765,8成新,2019-10,4.3万公里,30kW,上海(沪),301km,1,2150,后置后驱
116293083,小鹏汽车P7 2020款 670N,小鹏汽车,小鹏汽车P7,233800,295573,9成新,2021-05,1.3万公里,196kW,重庆(渝),656km,1,2998,后置后驱
116275051,奔腾NAT 2021款 网约版,奔腾,奔腾NAT,103000,164774,99成新,2022-01,100公里,100kW,石家庄(冀),419km,1,2850,前置前驱
116541620,华晨新日i03 2021款 标准型,华晨新日,华晨新日i03,65800,82278,99成新,2021-12,500公里,45kW,无锡(苏),410km,1,2185,前置前驱
115798118,奇瑞eQ1 2019款 小蚂蚁 4座智享版 35kWh,奇瑞,奇瑞eQ1,53800,75765,9成新,2019-12,0.6万公里,30kW,东莞(粤),301km,1,2150,后置后驱
116464899,合创Z03 2021款 潮玩版,HYCAN合创,合创Z03,127800,144150,99成新,2022-01,0.2万公里,135kW,台州(浙),-,0,2750,前置前驱
116557062,广汽新能源 Aion S 埃安 2020款 魅 580,广汽埃安,Aion S 埃安,128800,159347,9成新,2021-10,2.7万公里,135kW,上海(沪),460km,1,2750,前置前驱
115870739,启辰D60新能源 2019款 高续航尊享版,启辰,启辰D60新能源,88000,194082,8成新,2019-10,2.7万公里,120kW,杭州(浙),481km,1,2700,前置前驱
116535865,欧拉好猫 2021款 500km长续航 波塞冬版 三元锂,欧拉,欧拉好猫,128500,156199,9成新,2021-06,1.0万公里,105kW,石家庄(冀),501km,1,2650,前置前驱
116352502,大众 ID.4 CROZZ 2021款 长续航PRO两驱版,大众,ID.4 CROZZ,200000,260404,99成新,2022-01,200公里,150kW,西安(陕),550km,0,2765,后置后驱
116492522,比亚迪 秦PLUS 2021款 EV 600KM 旗舰型,比亚迪,秦PLUS,140800,184312,99成新,2021-07,0.6万公里,135kW,郑州(豫),600km,1,2718,前置前驱
116324668,奔驰EQC 2021款 EQC 400 4MATIC,奔驰,奔驰EQC,366000,629355,9成新,2021-05,0.3万公里,300kW,上海(沪),415km,0,2873,双电机四驱
116557166,欧拉好猫 2021款 400km标准续航 雅典娜版 三元锂,欧拉,欧拉好猫,111000,134489,9成新,2021-04,1.5万公里,105kW,成都(川),401km,1,2650,前置前驱
116339689,欧拉黑猫 2021款 351km 标准型,欧拉,欧拉黑猫,67500,80107,9成新,2021-03,0.8万公里,35kW,廊坊(冀),351km,1,2475,前置前驱
116514857,小鹏汽车P7 2022款 670N+,小鹏汽车,小鹏汽车P7,250000,299372,95成新,2022-02,100公里,196kW,武汉(鄂),670km,0,2998,后置后驱
116558786,理想汽车 理想ONE 2020款 增程6座版,理想,理想ONE,275000,356034,8成新,2020-12,4.3万公里,240kW,盐城(苏),180km,1,2935,双电机四驱
116322354,比亚迪 秦PLUS 2021款 EV 600KM 旗舰型,比亚迪,秦PLUS,139800,184312,9成新,2021-07,1.2万公里,135kW,德州(鲁),600km,1,2718,前置前驱
116497777,小鹏汽车G3 2019款 尊享版,小鹏汽车,小鹏汽车G3,105000,216876,8成新,2019-05,5.6万公里,145kW,北京(京),365km,1,2610,前置前驱
116200002,小鹏汽车P7 2020款 670N,小鹏汽车,小鹏汽车P7,253000,295573,8成新,2021-09,0.8万公里,196kW,达州(川),656km,1,2998,后置后驱
116413377,小鹏汽车P7 2020款 670N,小鹏汽车,小鹏汽车P7,216000,295573,9成新,2020-11,1.8万公里,196kW,郑州(豫),656km,1,2998,后置后驱
116195929,SERES赛力斯 赛力斯SF5 2020款 四驱高性能运动版,SERES赛力斯,赛力斯SF5,152000,302846,9成新,2020-04,4.0万公里,510kW,重庆(渝),150km,1,2875,双电机四驱
116177756,比亚迪 秦新能源 2018款 秦EV450 智联锋尚型,比亚迪,秦新能源,83000,272073,8成新,2018-12,4.7万公里,160kW,长沙(湘),400km,1,2670,前置前驱
116495463,比亚迪 秦PLUS 2021款 EV 500KM 豪华型,比亚迪,秦PLUS,125800,155005,9成新,2021-07,1.4万公里,100kW,广州(粤),500km,1,2718,前置前驱
116392067,五菱汽车 宏光MINI EV 2020款 悦享款 磷酸铁锂,五菱,宏光MINI EV,38500,42116,95成新,2022-02,100公里,20kW,西安(陕),170km,1,1940,后置后驱
115845787,特斯拉 Model 3 2020款 改款 标准续航后驱升级版,特斯拉,Model 3,227000,292751,9成新,2021-06,1.1万公里,202kW,台州(浙),468km,0,2875,后置后驱
116395690,大众 高尔夫·纯电 2020款 驰,大众,高尔夫·纯电,90000,160323,8成新,2020-12,2.5万公里,100kW,深圳(粤),270km,0,2631,前置前驱
116447224,广汽新能源 Aion LX(埃安LX) 2020款 80D 智臻版,广汽埃安,Aion LX(埃安LX),226000,300241,9成新,2021-12,1.2万公里,300kW,深圳(粤),600km,1,2920,双电机四驱
116395940,新宝骏 宝骏E300 2020款 Plus 星际智趣版,宝骏,宝骏E300,60000,84449,8成新,2020-11,5.5万公里,40kW,深圳(粤),305km,1,2020,后置后驱
116492017,比亚迪 宋PLUS新能源 2021款 EV 旗舰型,比亚迪,宋PLUS新能源,172000,208193,9成新,2021-07,2.5万公里,135kW,南宁(桂),505km,1,2765,前置前驱
116208445,广汽埃安 AION Y 2021款 80 悦享科技版,广汽埃安,AION Y,135800,161300,9成新,2021-11,0.4万公里,135kW,东莞(粤),600km,1,2750,前置前驱
116440627,奥迪e-tron 2019款 55 quattro 时尚型,奥迪,奥迪e-tron,330000,752013,8成新,2020-07,6.5万公里,300kW,菏泽(鲁),470km,0,2928,双电机四驱
115738837,欧拉黑猫 2019款 351km 亲子版,欧拉,欧拉黑猫,66000,80107,8成新,2020-04,2.2万公里,35kW,唐山(冀),351km,1,2475,前置前驱
116244106,特斯拉 Model 3 2019款 长续航后驱版(进口),特斯拉,Model 3,225500,456982,7成新,2019-04,5.9万公里,220kW,成都(川),664km,0,2875,后置后驱
115877971,红旗E-QM5 2021款 充电 旗享版,红旗,红旗E-QM5,158000,260295,9成新,2021-12,100公里,100kW,常州(苏),431km,1,2990,前置前驱
116143803,宝马i3 2018款 豪华型(进口),宝马,宝马i3,139800,368842,8成新,2019-04,4.2万公里,125kW,长沙(湘),271km,0,2570,后置后驱
115815588,特斯拉 Model 3 2021款 Performance高性能全轮驱动版 3D6,特斯拉,Model 3,320000,368951,9成新,2021-07,1.1万公里,357kW,苏州(苏),605km,0,2875,双电机四驱
116248830,欧拉iQ 2019款 出行版,欧拉,欧拉iQ,76800,130256,9成新,2020-09,0.7万公里,120kW,武汉(鄂),401km,1,2650,前置前驱
116345033,大众 ID.6 X 2021款 Pro 极智长续航版,大众,ID.6 X,227300,302724,99成新,2022-01,0.8万公里,150kW,合肥(皖),588km,0,2965,后置后驱
116019821,特斯拉 Model 3 2021款 标准续航后驱升级版 3D6,特斯拉,Model 3,258800,273256,99成新,2022-01,100公里,220kW,常州(苏),468km,0,2875,后置后驱
116508680,长安 奔奔EV 2018款 EV260 标准型,长安,奔奔EV,38800,134381,7成新,2018-03,4.4万公里,55kW,北京(京),251km,1,2410,前置前驱
115845115,北汽新能源 EX系列 2018款 EX360 新尚版,北汽新能源,EX系列,48000,101925,8成新,2018-05,5.9万公里,80kW,唐山(冀),318km,1,2519,前置前驱
116292919,比亚迪 汉 2020款 EV 超长续航版尊贵型,比亚迪,汉,227000,283090,9成新,2021-06,0.7万公里,163kW,长沙(湘),605km,1,2920,前置前驱
115794009,欧拉好猫 2021款 500km长续航 波塞冬版 三元锂,欧拉,欧拉好猫,127800,156199,9成新,2021-03,1.2万公里,105kW,邯郸(冀),501km,1,2650,前置前驱
116293430,欧拉黑猫 2021款 351km 标准型,欧拉,欧拉黑猫,72000,80107,8成新,2021-01,1.3万公里,35kW,深圳(粤),351km,1,2475,前置前驱
116346832,特斯拉 Model 3 2021款 标准续航后驱升级版,特斯拉,Model 3,218800,289538,8成新,2021-04,3.1万公里,202kW,广州(粤),468km,0,2875,后置后驱
116194436,比亚迪 元新能源 2018款 EV360 智联炫酷型,比亚迪,元新能源,61400,101925,8成新,2018-12,6.5万公里,70kW,宁波(浙),305km,1,2535,前置前驱
115845512,特斯拉 Model 3 2020款 改款 标准续航后驱升级版,特斯拉,Model 3,232000,292751,95成新,2021-06,0.6万公里,202kW,台州(浙),468km,0,2875,后置后驱
116349895,奇瑞 小蚂蚁 2021款 15万蚁粉款 蚁炫版 磷酸铁锂,奇瑞,小蚂蚁,60000,80107,9成新,2020-11,1.3万公里,30kW,焦作(豫),301km,1,2150,后置后驱
115912416,比亚迪e3 2020款 400出行版,比亚迪,比亚迪e3,92800,178885,9成新,2020-05,1.3万公里,100kW,广州(粤),405km,1,2610,前置前驱
116223144,特斯拉 Model Y 2021款 标准续航后驱版,特斯拉,Model Y,293000,316783,99成新,2022-01,100公里,220kW,常州(苏),525km,0,2890,后置后驱
116460706,比亚迪 汉 2020款 EV 超长续航版豪华型,比亚迪,汉,196800,254868,9成新,2021-03,3.4万公里,163kW,重庆(渝),605km,1,2920,前置前驱
116320723,特斯拉 Model 3 2020款 改款 长续航后轮驱动版,特斯拉,Model 3,249800,336387,9成新,2020-12,1.2万公里,202kW,西安(陕),668km,0,2875,后置后驱
115933824,五菱汽车 宏光MINI EV 2020款 悦享款 磷酸铁锂,五菱,宏光MINI EV,36700,42116,99成新,2021-12,200公里,20kW,郑州(豫),170km,1,1940,后置后驱
115911056,五菱汽车 宏光MINI EV 2020款 自在款 三元锂,五菱,宏光MINI EV,31800,35603,95成新,2020-07,1.3万公里,20kW,银川(宁),120km,1,1940,后置后驱
116122096,朋克汽车 朋克多多 2021款 乐多多,朋克汽车,朋克多多,26100,34517,9成新,2021-09,0.3万公里,29kW,保定(冀),-,1,2275,前置前驱
116547310,小鹏汽车P5 2021款 600P,小鹏汽车,小鹏汽车P5,215000,248898,9成新,2022-01,0.2万公里,155kW,郑州(豫),-,1,2768,前置前驱
116303794,北汽新能源 EC系列 2017款 EC180 灵动版,北汽新能源,EC系列,23500,164774,6成新,2017-08,5.4万公里,30kW,济宁(鲁),156km,1,2360,前置前驱
115761570,比亚迪 秦PLUS 2021款 EV 500KM 豪华型,比亚迪,秦PLUS,126800,155005,8成新,2021-08,2.3万公里,100kW,深圳(粤),500km,1,2718,前置前驱
116374216,特斯拉 Model Y 2021款 标准续航后驱版,特斯拉,Model Y,294100,316783,9成新,2022-01,800公里,220kW,昆明(云),525km,0,2890,后置后驱
115745886,大众 高尔夫·纯电 2020款 驰,大众,高尔夫·纯电,90000,160323,9成新,2020-12,2.5万公里,100kW,深圳(粤),270km,0,2631,前置前驱
115778028,特斯拉 Model 3 2019款 长续航全轮驱动版(进口),特斯拉,Model 3,248800,477498,8成新,2020-01,1.6万公里,258kW,上海(沪),590km,0,2875,双电机四驱
116370486,理想汽车 理想ONE 2020款 增程6座版,理想,理想ONE,275000,356034,8成新,2020-04,3.8万公里,240kW,沧州(冀),180km,1,2935,双电机四驱
116249348,五菱汽车 宏光MINI EV 2020款 自在款 磷酸铁锂,五菱,宏光MINI EV,31800,35603,99成新,2022-02,100公里,20kW,苏州(苏),120km,1,1940,后置后驱
116392084,特斯拉 Model 3 2021款 标准续航后驱升级版,特斯拉,Model 3,239800,289538,9成新,2021-03,1.1万公里,202kW,上海(沪),468km,0,2875,后置后驱
116533339,特斯拉 Model Y 2022款 后轮驱动版,特斯拉,Model Y,299900,327638,99成新,2022-02,100公里,202kW,嘉兴(浙),-,0,2890,后置后驱
116557428,特斯拉 Model 3 2020款 改款 标准续航后驱升级版,特斯拉,Model 3,219800,292751,9成新,2020-11,0.5万公里,202kW,上海(沪),468km,0,2875,后置后驱
115740016,小鹏汽车P7 2022款 670E+,小鹏汽车,小鹏汽车P7,258000,310227,99成新,2022-01,100公里,196kW,成都(川),670km,1,2998,后置后驱
116496185,奇瑞蚂蚁 2020款 高能pro版,奇瑞,奇瑞蚂蚁,132000,184312,95成新,2021-12,0.8万公里,130kW,襄阳(鄂),510km,1,2830,后置后驱
115168930,五菱汽车 宏光MINI EV 2020款 轻松款 三元锂,五菱,宏光MINI EV,29800,31261,9成新,2021-11,200公里,20kW,包头(蒙),120km,1,1940,后置后驱
116483369,大众 高尔夫·纯电 2020款 驰,大众,高尔夫·纯电,89800,160323,9成新,2020-10,2.6万公里,100kW,杭州(浙),270km,0,2631,前置前驱
116141813,大众 ID.6 X 2021款 Pure 纯净版,大众,ID.6 X,196000,260391,99成新,2022-01,500公里,132kW,唐山(冀),436km,0,2965,后置后驱
116492578,比亚迪 元新能源 2019款 EV360 智联悦享型,比亚迪,元新能源,76800,119184,9成新,2021-01,1.5万公里,70kW,深圳(粤),305km,1,2535,前置前驱
116251000,众泰 芝麻 2018款 eZ 翼行版,众泰,芝麻,21800,119184,8成新,2018-06,2.0万公里,35kW,济宁(鲁),210km,1,1765,前置前驱
115793489,小鹏汽车G3 2020款 520i 尊享版,小鹏汽车,小鹏汽车G3,139000,216876,9成新,2020-09,2.2万公里,145kW,东莞(粤),520km,1,2625,前置前驱
116193409,广汽埃安 Aion V(埃安V) 2021款 PLUS 90 超长续航版,广汽埃安,Aion V(埃安V),198000,260078,9成新,2021-12,0.5万公里,200kW,上海(沪),-,1,2830,前置前驱
116388172,特斯拉 Model Y 2022款 后轮驱动版,特斯拉,Model Y,294700,327638,99成新,2022-02,100公里,202kW,重庆(渝),-,0,2890,后置后驱
116508068,哪吒汽车U 2020款 400 U享,哪吒汽车,哪吒汽车U,116800,191911,95成新,2021-05,0.2万公里,150kW,济宁(鲁),400km,1,2770,前置前驱
115915281,大众 ID.6 X 2021款 Pro 极智长续航版,大众,ID.6 X,229800,302724,99成新,2022-01,600公里,150kW,河源(粤),588km,0,2965,后置后驱
116129225,比亚迪S2 2019款 耀·舒适型,比亚迪,比亚迪S2,65000,108329,8成新,2019-11,3.2万公里,70kW,保定(冀),305km,1,2535,前置前驱
116429683,奇瑞eQ1 2018款 智享251km版 4座,奇瑞,奇瑞eQ1,38000,130147,8成新,2018-07,4.0万公里,30kW,宣城(皖),251km,1,2150,后置后驱
116317806,特斯拉 Model Y 2021款 长续航全轮驱动版,特斯拉,Model Y,312000,377635,9成新,2021-04,0.8万公里,317kW,长沙(湘),594km,0,2890,双电机四驱
116202966,理想汽车 理想ONE 2020款 增程6座版,理想,理想ONE,293000,356034,9成新,2021-06,1.7万公里,240kW,呼和浩特(蒙),180km,1,2935,双电机四驱
116394106,大众 ID.4 CROZZ 2021款 长续航PRO两驱版,大众,ID.4 CROZZ,199000,260404,9成新,2021-04,1.2万公里,150kW,成都(川),550km,0,2765,后置后驱
116144646,五菱汽车 宏光MINI EV 2021款 马卡龙臻享款 磷酸铁锂,五菱,宏光MINI EV,39800,47326,9成新,2021-05,0.5万公里,20kW,武汉(鄂),170km,1,1940,后置后驱
116203398,特斯拉 Model Y 2022款 后轮驱动版,特斯拉,Model Y,308000,327638,99成新,2022-02,100公里,202kW,南通(苏),-,0,2890,后置后驱
116293734,比亚迪 汉 2020款 EV 超长续航版豪华型,比亚迪,汉,225800,254868,9成新,2021-11,0.2万公里,163kW,南京(苏),605km,1,2920,前置前驱
116221969,红旗E-HS9 2021款 旗·领 四座版,红旗,红旗E-HS9,576000,792176,95成新,2021-09,0.8万公里,405kW,石家庄(冀),510km,1,3110,双电机四驱
116250596,小鹏汽车P7 2020款 706G,小鹏汽车,小鹏汽车P7,221200,276686,8成新,2020-11,1.2万公里,196kW,杭州(浙),706km,1,2998,后置后驱
116246696,理想汽车 理想ONE 2021款 增程6座版,理想,理想ONE,324000,366888,9成新,2021-07,1.0万公里,245kW,郑州(豫),188km,1,2935,双电机四驱
116390692,吉利汽车 帝豪GSe 2018款 臻尚型,吉利,帝豪GSe,73800,147406,7成新,2018-09,3.4万公里,120kW,石家庄(冀),353km,1,2700,前置前驱
116492094,欧拉好猫GT 2022款 木兰版 480km长续航 标准版,欧拉,欧拉好猫GT,145000,146538,9成新,2021-12,0.5万公里,126kW,成都(川),480km,1,2650,前置前驱
115901811,五菱汽车 宏光MINI EV 2021款 马卡龙时尚款 磷酸铁锂,五菱,宏光MINI EV,39800,40813,95成新,2022-01,400公里,20kW,绵阳(川),120km,1,1940,后置后驱
115986914,欧拉黑猫 2021款 351km 标准型,欧拉,欧拉黑猫,63500,80107,9成新,2021-02,2.4万公里,35kW,南京(苏),351km,1,2475,前置前驱
116169401,特斯拉MODEL S 2017款 Model S 75D,特斯拉,特斯拉MODEL S,395800,793478,8成新,2018-04,6.2万公里,386kW,合肥(皖),469km,0,2960,双电机四驱
116294931,荣威 科莱威CLEVER 2021款 302km卓越版,荣威,科莱威CLEVER,36800,48845,9成新,2021-08,0.7万公里,37kW,成都(川),302km,1,2000,前置前驱
116544842,五菱汽车 宏光MINI EV 2020款 自在款 磷酸铁锂,五菱,宏光MINI EV,28800,35603,9成新,2021-01,0.9万公里,20kW,聊城(鲁),120km,1,1940,后置后驱
116243396,零跑汽车 零跑T03 2021款 400轻享版 三元锂,零跑汽车,零跑T03,63900,64911,99成新,2022-01,100公里,55kW,杭州(浙),403km,1,2400,前置前驱
116300479,零跑汽车 零跑T03 2021款 400舒享版,零跑汽车,零跑T03,61000,75765,9成新,2021-12,0.3万公里,55kW,深圳(粤),403km,1,2400,前置前驱
116121910,特斯拉 Model Y 2021款 标准续航后驱版,特斯拉,Model Y,289800,316783,99成新,2022-01,600公里,220kW,郑州(豫),525km,0,2890,后置后驱
116542187,思皓E20X 2020款 心声版,思皓,思皓E20X,83800,138940,99成新,2021-11,0.2万公里,92kW,聊城(鲁),402km,1,2490,前置前驱
116507574,零跑汽车 零跑S01 2019款 380 Pro,零跑汽车,零跑S01,88800,151857,9成新,2021-06,2.8万公里,125kW,宁波(浙),300km,1,2500,前置前驱
116243841,五菱汽车 宏光MINI EV 2021款 马卡龙臻享款 磷酸铁锂,五菱,宏光MINI EV,41500,47326,99成新,2022-02,100公里,20kW,武汉(鄂),170km,1,1940,后置后驱
115897548,广汽集团 祺智EV 2019款 EV530 锋行版,广汽集团,祺智EV,76800,245858,8成新,2018-12,5.2万公里,132kW,信阳(豫),410km,1,2560,前置前驱
115900810,宝骏E200 2018款 智行版,宝骏,宝骏E200,29800,117230,8成新,2019-04,2.9万公里,29kW,青岛(鲁),210km,1,1600,前置前驱
116151346,宝骏E100 2019款 250KM 智行版,宝骏,宝骏E100,35800,54056,9成新,2019-09,1.9万公里,29kW,枣庄(鲁),250km,1,1600,前置前驱
116268711,北汽新能源 EU系列 2018款 R500 智尚版,北汽新能源,EU系列,76900,150771,7成新,2018-10,5.2万公里,160kW,唐山(冀),416km,1,2670,前置前驱
116544550,五菱汽车 宏光MINI EV 2021款 马卡龙时尚款 磷酸铁锂,五菱,宏光MINI EV,37200,40813,95成新,2022-01,0.1万公里,20kW,淮安(苏),120km,1,1940,后置后驱
115879597,五菱汽车 宏光MINI EV 2020款 轻松款 三元锂,五菱,宏光MINI EV,29500,31261,9成新,2021-04,0.3万公里,20kW,杭州(浙),120km,1,1940,后置后驱
116465616,比亚迪 元新能源 2019款 EV535 智联领潮型,比亚迪,元新能源,75600,130147,8成新,2019-07,3.2万公里,70kW,洛阳(豫),410km,1,2535,前置前驱
116317312,特斯拉 Model 3 2019款 标准续航后驱升级版,特斯拉,Model 3,200000,316740,9成新,2020-03,4.0万公里,175kW,深圳(粤),460km,0,2875,后置后驱
113005341,蔚来ES8 2020款 415KM 签名版 六座版,蔚来,蔚来ES8,362000,614376,9成新,2021-02,3.4万公里,400kW,北京(京),415km,1,3010,双电机四驱
116363053,奥迪Q2L e-tron 2019款 e-tron 纯电智酷型,奥迪,奥迪Q2L e-tron,128000,246184,9成新,2020-11,1.0万公里,100kW,长沙(湘),265km,0,2628,前置前驱
115758237,欧拉好猫GT 2022款 木兰版 480km长续航 标准版,欧拉,欧拉好猫GT,133000,146538,95成新,2021-11,0.2万公里,126kW,无锡(苏),480km,1,2650,前置前驱
115884519,宝骏E200 2019款 250KM 智行版,宝骏,宝骏E200,36500,59483,8成新,2019-12,3.3万公里,29kW,南宁(桂),250km,1,1600,前置前驱
116221683,比亚迪e5 2017款 300 尊贵型,比亚迪,比亚迪e5,53000,223498,8成新,2017-06,2.9万公里,160kW,石家庄(冀),305km,1,2660,前置前驱
115846903,奇瑞eQ1 2018款 小蚂蚁400 智享版 4座,奇瑞,奇瑞eQ1,37700,71423,7成新,2019-05,7.1万公里,30kW,厦门(闽),301km,1,2150,后置后驱
116415056,岚图汽车 岚图FREE 2021款 四驱增程版专属豪华套装,岚图汽车,岚图FREE,290000,362112,99成新,2022-01,100公里,510kW,重庆(渝),140km,1,2960,双电机四驱
115701297,五菱汽车 宏光MINI EV 2020款 悦享款 磷酸铁锂,五菱,宏光MINI EV,42800,42116,95成新,2022-01,100公里,20kW,安顺(贵),170km,1,1940,后置后驱
116508571,江淮iEV 2015款 iEV4 豪华智能型,江淮,江淮iEV,21000,168030,7成新,2016-12,1.5万公里,42kW,北京(京),152km,1,2400,前置前驱
116515343,欧拉白猫 2020款 305km 豪华型,欧拉,欧拉白猫,59800,77936,9成新,2020-10,0.7万公里,35kW,济宁(鲁),305km,1,2490,前置前驱
116447317,特斯拉 Model 3 2019款 标准续航后驱升级版,特斯拉,Model 3,209900,316740,9成新,2020-05,0.8万公里,175kW,重庆(渝),460km,0,2875,后置后驱
116243524,小鹏汽车G3 2019款 智享版,小鹏汽车,小鹏汽车G3,96800,192996,8成新,2019-05,5.8万公里,145kW,宁波(浙),351km,1,2610,前置前驱
116000764,特斯拉 Model 3 2021款 改款 标准续航后驱升级版 3D1,特斯拉,Model 3,245000,273256,9成新,2022-01,0.2万公里,202kW,廊坊(冀),468km,0,2875,后置后驱
115742476,五菱汽车 宏光MINI EV 2020款 自在款 三元锂,五菱,宏光MINI EV,28000,35603,95成新,2020-10,1.0万公里,20kW,包头(蒙),120km,1,1940,后置后驱
115883839,广汽集团 广汽ix4 2018款 豪华版,广汽集团,广汽ix4,72800,244013,7成新,2018-12,3.8万公里,132kW,信阳(豫),270km,1,2640,前置前驱
116540134,宝骏E200 2019款 250KM 智行版,宝骏,宝骏E200,30700,59483,9成新,2019-09,1.7万公里,29kW,青岛(鲁),250km,1,1600,前置前驱
116469838,欧拉白猫 2020款 360km 豪华型,欧拉,欧拉白猫,72800,86620,9成新,2021-04,0.4万公里,35kW,保定(冀),360km,1,2490,前置前驱
116275912,岚图汽车 岚图FREE 2022款 两驱纯电城市版,岚图汽车,岚图FREE,278000,378394,99成新,2022-01,100公里,255kW,长沙(湘),505km,0,2960,后置后驱
116439375,比亚迪 秦PLUS 2021款 EV 600KM 旗舰型,比亚迪,秦PLUS,142800,184312,9成新,2021-08,0.9万公里,135kW,郑州(豫),600km,1,2718,前置前驱
116277256,奔驰EQC 2020款 EQC 400 4MATIC,奔驰,奔驰EQC,355000,629355,9成新,2020-10,0.6万公里,300kW,金华(浙),408km,0,2873,双电机四驱
115759152,SERES赛力斯 赛力斯SF5 2020款 四驱高性能版,SERES赛力斯,赛力斯SF5,158000,367974,8成新,2021-01,1.4万公里,510kW,重庆(渝),150km,1,2875,双电机四驱
116363874,欧拉白猫 2020款 305km 豪华型,欧拉,欧拉白猫,62800,77936,9成新,2021-04,0.9万公里,35kW,武汉(鄂),305km,1,2490,前置前驱
116322178,特斯拉 Model 3 2019款 长续航后驱版(进口),特斯拉,Model 3,227000,456982,8成新,2020-04,3.0万公里,220kW,杭州(浙),664km,0,2875,后置后驱
116324043,宝骏E100 2019款 250KM 智行版,宝骏,宝骏E100,34200,54056,9成新,2020-06,0.9万公里,29kW,淮安(苏),250km,1,1600,前置前驱
116448559,小鹏汽车G3 2020款 520i 悦享版,小鹏汽车,小鹏汽车G3,129800,176714,7成新,2020-06,3.8万公里,145kW,佛山(粤),520km,1,2625,前置前驱
116174643,零跑汽车 零跑T03 2020款 400豪华版,零跑汽车,零跑T03,67800,82278,9成新,2021-04,1.2万公里,55kW,南京(苏),403km,0,2400,前置前驱
116467563,奇瑞eQ1 2019款 4座智享版 30.6kWh,奇瑞,奇瑞eQ1,53000,75765,8成新,2020-07,2.5万公里,30kW,沧州(冀),301km,1,2150,后置后驱
116218472,丰田C-HR EV 2020款 尊贵天窗版,丰田,丰田C-HR EV,145800,271150,8成新,2020-08,0.3万公里,150kW,长沙(湘),400km,0,2640,前置前驱
115777283,蔚来ES8 2018款 355KM 基准版 七座版,蔚来,蔚来ES8,289600,486290,8成新,2019-06,2.4万公里,480kW,广州(粤),355km,1,3010,双电机四驱
116487388,蔚来ES6 2020款 600KM 运动版,蔚来,蔚来ES6,270000,451555,99成新,2022-01,0.4万公里,320kW,苏州(苏),600km,1,2900,双电机四驱
116558007,欧拉黑猫 2021款 351km 标准型,欧拉,欧拉黑猫,68800,80107,9成新,2020-12,1.7万公里,35kW,天津(津),351km,1,2475,前置前驱
116485161,奇瑞eQ1 2019款 小蚂蚁 4座智炫版,奇瑞,奇瑞eQ1,58800,82278,95成新,2020-03,1.8万公里,30kW,福州(闽),301km,1,2150,后置后驱
116532163,北汽新能源 EX系列 2018款 EX360 新尚版,北汽新能源,EX系列,49500,101925,8成新,2018-05,3.3万公里,80kW,潍坊(鲁),318km,1,2519,前置前驱
116461399,广汽埃安 AION Y 2021款 70 科技活力版,广汽埃安,AION Y,124800,147515,9成新,2021-12,1.5万公里,135kW,深圳(粤),500km,1,2750,前置前驱
116367925,五菱汽车 宏光MINI EV 2020款 自在款 磷酸铁锂,五菱,宏光MINI EV,31800,35603,9成新,2021-01,1.6万公里,20kW,枣庄(鲁),120km,1,1940,后置后驱
116270878,日产 轩逸·纯电 2018款 智领版,日产,轩逸·纯电,83000,263769,8成新,2019-06,3.3万公里,80kW,温州(浙),338km,0,2700,前置前驱
116253162,广汽新能源 Aion V(埃安V) 2020款 80 MAX版,广汽埃安,Aion V(埃安V),168800,260078,8成新,2020-08,3.1万公里,135kW,广州(粤),600km,1,2830,前置前驱
116350990,思铭X-NV 2020款 风驰版,思铭,思铭X-NV,93600,184312,8成新,2020-11,1.3万公里,120kW,衡水(冀),401km,1,2610,前置前驱
116292484,五菱汽车 宏光MINI EV 2020款 悦享款 磷酸铁锂,五菱,宏光MINI EV,35000,42116,9成新,2021-04,1.1万公里,20kW,株洲(湘),170km,1,1940,后置后驱
115793169,欧拉黑猫 2021款 351km 豪华型,欧拉,欧拉黑猫,69900,86620,9成新,2020-11,0.7万公里,35kW,北京(京),351km,1,2475,前置前驱
116513645,特斯拉Model X 2019款 Performance 高性能版(进口),特斯拉,特斯拉Model X,728000,947506,9成新,2020-07,1.9万公里,577kW,杭州(浙),550km,0,2965,双电机四驱
116243660,零跑汽车 零跑S01 2019款 380 标准版,零跑汽车,零跑S01,69600,130147,7成新,2019-12,5.4万公里,125kW,徐州(苏),300km,1,2500,前置前驱
116317830,特斯拉 Model Y 2021款 标准续航后驱版,特斯拉,Model Y,293000,316783,9成新,2021-10,0.2万公里,220kW,深圳(粤),525km,0,2890,后置后驱
116217744,别克 微蓝6 2019款 互联智慧型,别克,微蓝6,96800,242928,9成新,2020-06,2.2万公里,85kW,武汉(鄂),301km,0,2660,前置前驱
115927329,小鹏汽车G3 2020款 520i 智享版,小鹏汽车,小鹏汽车G3,149800,198423,9成新,2021-01,0.8万公里,145kW,杭州(浙),520km,1,2625,前置前驱
116508818,特斯拉 Model 3 2021款 标准续航后驱升级版,特斯拉,Model 3,235000,289538,9成新,2021-03,1.5万公里,202kW,长沙(湘),468km,0,2875,后置后驱
116444014,特斯拉 Model 3 2020款 标准续航后驱升级版,特斯拉,Model 3,197000,316740,9成新,2020-09,7.1万公里,202kW,长沙(湘),445km,0,2875,后置后驱
116496448,比亚迪 秦PLUS 2021款 EV 500KM 豪华型,比亚迪,秦PLUS,146000,155005,9成新,2021-07,3.5万公里,100kW,温州(浙),500km,1,2718,前置前驱
116557673,五菱汽车 宏光MINI EV 2021款 马卡龙时尚款 磷酸铁锂,五菱,宏光MINI EV,36900,40813,99成新,2022-01,0.1万公里,20kW,济宁(鲁),120km,1,1940,后置后驱
116415298,理想汽车 理想ONE 2021款 增程6座版,理想,理想ONE,315000,366888,9成新,2021-06,0.9万公里,245kW,重庆(渝),188km,1,2935,双电机四驱
116196001,日产 轩逸·纯电 2018款 智领版,日产,轩逸·纯电,79700,263769,8成新,2019-05,3.1万公里,80kW,温州(浙),338km,0,2700,前置前驱
116350400,奇瑞eQ1 2018款 小蚂蚁400 智享版 4座,奇瑞,奇瑞eQ1,42800,71423,8成新,2019-03,3.2万公里,30kW,厦门(闽),301km,1,2150,后置后驱
116490089,蔚来EC6 2020款 430KM 运动版,蔚来,蔚来EC6,336800,399452,9成新,2022-01,1.0万公里,320kW,沧州(冀),430km,1,2900,双电机四驱
116142065,广汽新能源 Aion S 埃安 2020款 魅 580,广汽埃安,Aion S 埃安,116800,159347,9成新,2021-05,0.4万公里,135kW,杭州(浙),460km,1,2750,前置前驱
116247398,奔驰EQC 2021款 EQC 350 4MATIC,奔驰,奔驰EQC,308000,542517,9成新,2021-08,1.0万公里,210kW,杭州(浙),415km,0,2873,双电机四驱
116304498,五菱汽车 宏光MINI EV 2020款 悦享款 磷酸铁锂,五菱,宏光MINI EV,45800,42116,9成新,2021-01,0.9万公里,20kW,上海(沪),170km,1,1940,后置后驱
116509989,特斯拉 Model 3 2019款 长续航后驱版(进口),特斯拉,Model 3,265000,456982,9成新,2019-12,1.8万公里,220kW,杭州(浙),664km,0,2875,后置后驱
116319479,小鹏汽车P7 2020款 586N,小鹏汽车,小鹏汽车P7,236000,277663,8成新,2020-11,3.5万公里,196kW,南京(苏),568km,1,2998,后置后驱
116199970,比亚迪 元新能源 2018款 EV360 智联炫酷型,比亚迪,元新能源,64200,101925,8成新,2018-12,1.6万公里,70kW,无锡(苏),305km,1,2535,前置前驱
114853533,江淮iEV6E 2017款 iEV6E 时光版,江淮,江淮iEV6E,21500,128628,7成新,2017-07,4.0万公里,60kW,泰州(苏),156km,1,2390,前置前驱
115672336,五菱汽车 宏光MINI EV 2020款 悦享款 磷酸铁锂,五菱,宏光MINI EV,37500,42116,9成新,2021-08,0.5万公里,20kW,连云港(苏),170km,1,1940,后置后驱
